-- phpMyAdmin SQL Dump
-- version 4.5.4.1deb2ubuntu2.1
-- http://www.phpmyadmin.net
--
-- Host: localhost
-- Generation Time: Feb 18, 2019 at 02:51 PM
-- Server version: 5.7.25-0ubuntu0.16.04.2
-- PHP Version: 7.0.33-0ubuntu0.16.04.1

SET SQL_MODE = "NO_AUTO_VALUE_ON_ZERO";
SET time_zone = "+00:00";


/*!40101 SET @OLD_CHARACTER_SET_CLIENT=@@CHARACTER_SET_CLIENT */;
/*!40101 SET @OLD_CHARACTER_SET_RESULTS=@@CHARACTER_SET_RESULTS */;
/*!40101 SET @OLD_COLLATION_CONNECTION=@@COLLATION_CONNECTION */;
/*!40101 SET NAMES utf8mb4 */;

--
-- Database: `hub`
--

-- --------------------------------------------------------

--
-- Table structure for table `company`
--

CREATE TABLE `company` (
  `id` int(10) NOT NULL,
  `name` varchar(100) NOT NULL
) ENGINE=InnoDB DEFAULT CHARSET=utf8;

--
-- Dumping data for table `company`
--

INSERT INTO `company` (`id`, `name`) VALUES
(1, 'Jenkins Inc'),
(2, 'Davis-Reinger'),
(3, 'Zboncak and Sons'),
(4, 'Hoeger LLC'),
(5, 'Barton-Schmidt'),
(6, 'Hoppe, Volkman and Kutch'),
(7, 'Harvey Inc'),
(8, 'Brekke-Bauch'),
(9, 'Kassulke Inc'),
(10, 'Terry-Hegmann'),
(11, 'Wuckert, White and Grant'),
(12, 'Johnson, Cassin and Haley'),
(13, 'Bruen-Nolan'),
(14, 'Nolan Ltd'),
(15, 'Feil and Sons'),
(16, 'Rath Inc'),
(17, 'Medhurst, Volkman and Jaskolski'),
(18, 'Satterfield LLC'),
(19, 'Schumm and Sons'),
(20, 'Smitham-Frami');

-- --------------------------------------------------------

--
-- Table structure for table `division`
--

CREATE TABLE `division` (
  `id` int(10) NOT NULL,
  `id_company` int(10) NOT NULL,
  `name` varchar(100) NOT NULL
) ENGINE=InnoDB DEFAULT CHARSET=utf8;

--
-- Dumping data for table `division`
--

INSERT INTO `division` (`id`, `id_company`, `name`) VALUES
(1, 1, 'Facetoface well-modulated extranet'),
(2, 2, 'Robust high-level data-warehouse'),
(3, 3, 'Profound eco-centric middleware'),
(4, 4, 'Open-architected user-facing knowledgebase'),
(5, 5, 'Devolved intangible standardization'),
(6, 6, 'Virtual responsive forecast'),
(7, 7, 'Automated dedicated solution'),
(8, 8, 'Business-focused multi-tasking strategy'),
(9, 9, 'Multi-layered local protocol'),
(10, 10, 'Synchronised non-volatile GraphicalUserInterface'),
(11, 11, 'Inverse discrete policy'),
(12, 12, 'Profit-focused foreground structure'),
(13, 13, 'Progressive 24hour budgetarymanagement'),
(14, 14, 'Digitized bifurcated systemengine'),
(15, 15, 'Universal dedicated moratorium'),
(16, 16, 'Multi-lateral fresh-thinking success'),
(17, 17, 'Customer-focused responsive processimprovement'),
(18, 18, 'Multi-lateral context-sensitive leverage'),
(19, 19, 'Compatible human-resource protocol'),
(20, 20, 'Horizontal 3rdgeneration neural-net'),
(21, 1, 'Sharable assymetric instructionset'),
(22, 2, 'Innovative systemic neural-net'),
(23, 3, 'Team-oriented zeroadministration protocol'),
(24, 4, 'Integrated incremental framework'),
(25, 5, 'Multi-layered client-server knowledgebase'),
(26, 6, 'Profound background collaboration'),
(27, 7, 'Total optimal software'),
(28, 8, 'Multi-layered static GraphicInterface'),
(29, 9, 'Optional global knowledgeuser'),
(30, 10, 'Advanced multi-state architecture'),
(31, 11, 'Intuitive fault-tolerant moratorium'),
(32, 12, 'Organic local core'),
(33, 13, 'Up-sized nextgeneration moderator'),
(34, 14, 'Configurable intermediate collaboration'),
(35, 15, 'Front-line incremental installation'),
(36, 16, 'Enterprise-wide value-added policy'),
(37, 17, 'Synchronised contextually-based success'),
(38, 18, 'Organized static time-frame'),
(39, 19, 'Open-source executive hardware'),
(40, 20, 'Phased web-enabled portal'),
(41, 1, 'Customer-focused system-worthy projection'),
(42, 2, 'Ergonomic hybrid superstructure'),
(43, 3, 'Optional multi-state middleware'),
(44, 4, 'Sharable global architecture'),
(45, 5, 'Realigned needs-based algorithm'),
(46, 6, 'Quality-focused logistical strategy'),
(47, 7, 'Ameliorated incremental challenge'),
(48, 8, 'Fundamental disintermediate synergy'),
(49, 9, 'Secured attitude-oriented interface'),
(50, 10, 'Robust dynamic database'),
(51, 11, 'Synergistic nextgeneration service-desk'),
(52, 12, 'Object-based didactic groupware'),
(53, 13, 'Exclusive clear-thinking strategy'),
(54, 14, 'Implemented neutral frame'),
(55, 15, 'Managed asynchronous methodology'),
(56, 16, 'Triple-buffered heuristic challenge'),
(57, 17, 'Devolved systematic portal'),
(58, 18, 'Persistent cohesive structure'),
(59, 19, 'Visionary stable encryption'),
(60, 20, 'Stand-alone exuding standardization'),
(61, 1, 'Realigned leadingedge intranet'),
(62, 2, 'Programmable human-resource forecast'),
(63, 3, 'Advanced dedicated emulation'),
(64, 4, 'Up-sized stable benchmark'),
(65, 5, 'Persevering web-enabled moderator'),
(66, 6, 'Configurable 24/7 openarchitecture'),
(67, 7, 'Advanced clear-thinking framework'),
(68, 8, 'Integrated systemic benchmark'),
(69, 9, 'Cross-group assymetric instructionset'),
(70, 10, 'Cross-group coherent encryption'),
(71, 11, 'Pre-emptive disintermediate data-warehouse'),
(72, 12, 'Organic 5thgeneration matrix'),
(73, 13, 'Cloned holistic database'),
(74, 14, 'Team-oriented executive projection'),
(75, 15, 'Function-based multi-state intranet'),
(76, 16, 'Distributed encompassing capacity'),
(77, 17, 'Cloned discrete application'),
(78, 18, 'Cloned homogeneous artificialintelligence'),
(79, 19, 'Organized multi-state access'),
(80, 20, 'Intuitive client-server matrix'),
(81, 1, 'Upgradable value-added analyzer'),
(82, 2, 'Exclusive secondary focusgroup'),
(83, 3, 'Versatile solution-oriented portal'),
(84, 4, 'Operative 6thgeneration framework'),
(85, 5, 'Multi-channelled system-worthy help-desk'),
(86, 6, 'De-engineered value-added strategy'),
(87, 7, 'Reverse-engineered mobile groupware'),
(88, 8, 'Proactive bottom-line workforce'),
(89, 9, 'Diverse logistical matrix'),
(90, 10, 'Optional incremental systemengine'),
(91, 11, 'Polarised intermediate strategy'),
(92, 12, 'Customizable contextually-based function'),
(93, 13, 'Assimilated nextgeneration product'),
(94, 14, 'Adaptive responsive projection'),
(95, 15, 'Phased leadingedge benchmark'),
(96, 16, 'Implemented dynamic service-desk'),
(97, 17, 'Automated asynchronous emulation'),
(98, 18, 'Reduced empowering architecture'),
(99, 19, 'Versatile web-enabled productivity'),
(100, 20, 'Managed impactful workforce');

-- --------------------------------------------------------

--
-- Table structure for table `live_streaming`
--

CREATE TABLE `live_streaming` (
  `id` int(20) NOT NULL,
  `id_sender` int(10) NOT NULL,
  `id_receive` int(10) NOT NULL,
  `date` datetime NOT NULL DEFAULT CURRENT_TIMESTAMP
) ENGINE=InnoDB DEFAULT CHARSET=utf8;

--
-- Dumping data for table `live_streaming`
--

INSERT INTO `live_streaming` (`id`, `id_sender`, `id_receive`, `date`) VALUES
(1, 1, 101, '2006-07-11 01:51:09'),
(2, 2, 102, '2014-02-16 09:57:01'),
(3, 3, 103, '1993-06-24 23:18:35'),
(4, 4, 104, '2013-11-17 12:12:15'),
(5, 5, 106, '2008-03-26 19:32:53'),
(6, 6, 107, '2000-09-10 17:53:03'),
(7, 7, 110, '2015-12-29 16:07:22'),
(8, 8, 112, '2002-03-14 12:10:54'),
(9, 9, 116, '1994-12-23 04:37:23'),
(10, 10, 119, '2004-02-07 12:56:44'),
(11, 11, 120, '1991-01-02 09:21:27'),
(12, 12, 122, '1985-03-25 22:56:17'),
(13, 13, 123, '1991-11-25 06:06:28'),
(14, 14, 127, '1975-09-05 07:55:20'),
(15, 15, 130, '2003-12-02 11:56:16'),
(16, 16, 132, '2016-06-04 04:26:11'),
(17, 17, 133, '2018-09-28 23:49:31'),
(18, 18, 135, '1980-12-06 06:44:12'),
(19, 19, 136, '1975-10-07 08:45:36'),
(20, 20, 138, '1988-07-04 09:18:31'),
(21, 1, 139, '1998-06-29 22:55:49'),
(22, 2, 140, '2011-11-02 22:07:00'),
(23, 3, 145, '1999-07-01 12:19:19'),
(24, 4, 150, '2014-09-20 12:18:16'),
(25, 5, 151, '1973-04-13 18:19:41'),
(26, 6, 154, '1993-03-01 07:58:44'),
(27, 7, 155, '1978-05-16 01:01:38'),
(28, 8, 156, '1976-12-18 17:34:22'),
(29, 9, 157, '2013-01-01 18:58:39'),
(30, 10, 162, '1999-10-28 12:08:57'),
(31, 11, 163, '1974-07-21 09:47:34'),
(32, 12, 165, '1973-07-03 07:31:31'),
(33, 13, 166, '2001-04-12 01:53:39'),
(34, 14, 167, '1981-03-18 20:50:31'),
(35, 15, 168, '1995-06-04 05:04:10'),
(36, 16, 170, '2013-01-16 15:50:25'),
(37, 17, 172, '1996-08-15 21:03:01'),
(38, 18, 174, '2010-03-15 18:38:13'),
(39, 19, 175, '1986-04-07 00:35:24'),
(40, 20, 176, '2008-01-20 05:25:50'),
(41, 1, 179, '2005-03-31 01:45:10'),
(42, 2, 181, '1979-02-16 19:33:25'),
(43, 3, 185, '2005-03-08 12:00:59'),
(44, 4, 186, '2016-07-03 09:04:01'),
(45, 5, 189, '1986-03-08 09:33:47'),
(46, 6, 190, '1985-12-15 13:38:31'),
(47, 7, 192, '1973-07-28 00:27:44'),
(48, 8, 193, '2004-01-29 14:29:13'),
(49, 9, 194, '1975-02-24 11:49:20'),
(50, 10, 197, '1996-01-01 23:57:05'),
(51, 11, 198, '1979-06-26 01:18:47'),
(52, 12, 200, '1973-03-30 10:39:42'),
(53, 13, 306, '2006-08-01 03:48:22'),
(54, 14, 307, '1993-10-24 12:43:55'),
(55, 15, 308, '2015-11-23 15:11:04'),
(56, 16, 309, '1983-01-17 16:27:30'),
(57, 17, 311, '1970-11-25 18:38:12'),
(58, 18, 312, '2015-04-11 18:21:37'),
(59, 19, 315, '1974-02-23 10:19:43'),
(60, 20, 318, '1996-07-20 10:42:42'),
(61, 1, 322, '2008-10-10 15:42:27'),
(62, 2, 323, '1972-09-23 10:39:14'),
(63, 3, 325, '1976-01-30 17:13:40'),
(64, 4, 326, '1994-01-08 10:34:31'),
(65, 5, 328, '2013-01-27 18:40:22'),
(66, 6, 329, '1985-07-06 07:08:54'),
(67, 7, 330, '1991-10-07 04:26:38'),
(68, 8, 334, '1997-04-28 06:17:18'),
(69, 9, 335, '1999-08-19 07:46:33'),
(70, 10, 336, '1992-11-19 17:32:41'),
(71, 11, 338, '2012-10-13 12:41:53'),
(72, 12, 339, '2006-06-07 18:49:19'),
(73, 13, 341, '1993-06-18 03:12:52'),
(74, 14, 343, '2016-09-02 13:46:31'),
(75, 15, 348, '1993-02-25 19:34:30'),
(76, 16, 350, '1988-08-08 00:11:35'),
(77, 17, 351, '2006-12-08 14:03:19'),
(78, 18, 355, '1996-11-23 20:49:11'),
(79, 19, 356, '1979-10-19 15:23:40'),
(80, 20, 357, '1972-10-26 21:24:21'),
(81, 1, 359, '2002-07-10 18:20:23'),
(82, 2, 360, '2000-03-18 19:00:17'),
(83, 3, 364, '1985-08-04 16:08:32'),
(84, 4, 365, '1994-03-11 20:13:46'),
(85, 5, 366, '2012-09-01 16:27:45'),
(86, 6, 367, '2001-11-07 11:32:37'),
(87, 7, 375, '2009-01-05 17:00:52'),
(88, 8, 376, '1981-06-25 07:51:04'),
(89, 9, 377, '1985-10-31 17:24:42'),
(90, 10, 381, '2013-12-17 01:16:51'),
(91, 11, 386, '1987-11-28 23:10:01'),
(92, 12, 387, '2014-04-29 16:30:10'),
(93, 13, 388, '2010-05-08 11:50:58'),
(94, 14, 392, '1984-05-20 18:21:15'),
(95, 15, 393, '1998-08-29 15:48:49'),
(96, 16, 394, '2017-05-13 22:50:55'),
(97, 17, 396, '2016-01-11 03:30:35'),
(98, 18, 397, '1993-06-25 17:59:27'),
(99, 19, 398, '1998-02-13 22:02:15'),
(100, 20, 399, '2016-10-04 01:23:07'),
(101, 1, 400, '1990-04-27 05:21:20'),
(102, 2, 503, '1974-09-26 13:49:33'),
(103, 3, 504, '1984-07-17 18:38:49'),
(104, 4, 508, '2018-07-03 07:54:41'),
(105, 5, 509, '1981-04-30 00:15:12'),
(106, 6, 511, '2010-09-16 16:25:37'),
(107, 7, 512, '1970-06-11 12:05:09'),
(108, 8, 522, '2017-12-14 01:03:42'),
(109, 9, 525, '1992-06-28 22:06:38'),
(110, 10, 531, '1978-07-08 15:07:59'),
(111, 11, 533, '1975-03-12 20:59:40'),
(112, 12, 537, '1999-09-30 07:26:26'),
(113, 13, 538, '1975-03-04 04:13:05'),
(114, 14, 541, '1991-01-02 11:45:19'),
(115, 15, 542, '1992-03-09 01:33:50'),
(116, 16, 545, '2001-05-05 00:41:47'),
(117, 17, 546, '1976-09-17 10:40:51'),
(118, 18, 547, '2012-05-05 17:29:36'),
(119, 19, 548, '1971-09-25 17:59:50'),
(120, 20, 554, '1974-01-24 15:47:09'),
(121, 1, 555, '2010-03-23 22:40:44'),
(122, 2, 556, '1972-07-05 09:37:15'),
(123, 3, 557, '1972-09-03 08:07:39'),
(124, 4, 559, '1995-07-26 04:25:04'),
(125, 5, 560, '1998-03-03 04:48:26'),
(126, 6, 563, '2013-10-03 04:41:31'),
(127, 7, 566, '1991-10-25 10:05:54'),
(128, 8, 571, '1980-11-09 18:38:56'),
(129, 9, 572, '1977-10-21 03:12:34'),
(130, 10, 573, '2012-05-27 12:33:44'),
(131, 11, 574, '1974-01-12 06:30:42'),
(132, 12, 575, '1973-01-20 18:41:08'),
(133, 13, 577, '1973-05-02 17:55:34'),
(134, 14, 580, '1992-12-30 18:23:48'),
(135, 15, 582, '1983-08-08 11:10:08'),
(136, 16, 583, '2005-05-16 23:01:33'),
(137, 17, 584, '2004-11-08 04:39:31'),
(138, 18, 587, '2000-11-22 12:04:49'),
(139, 19, 592, '2011-10-12 21:27:25'),
(140, 20, 594, '2007-04-11 21:25:57'),
(141, 1, 596, '2008-01-19 02:02:41'),
(142, 2, 597, '1994-09-04 04:09:23'),
(143, 3, 598, '1997-12-29 23:31:40'),
(144, 4, 705, '1984-10-31 09:28:00'),
(145, 5, 708, '2005-09-14 22:16:17'),
(146, 6, 712, '2011-01-16 16:09:38'),
(147, 7, 713, '1985-05-31 08:06:09'),
(148, 8, 721, '1992-07-05 05:14:28'),
(149, 9, 722, '1984-11-17 07:11:20'),
(150, 10, 723, '1986-12-28 13:56:10'),
(151, 11, 725, '2008-01-10 20:08:48'),
(152, 12, 729, '1983-08-25 18:29:44'),
(153, 13, 731, '2010-01-29 22:57:21'),
(154, 14, 733, '2017-09-23 03:04:19'),
(155, 15, 734, '2010-09-24 21:54:00'),
(156, 16, 737, '1985-03-04 00:53:39'),
(157, 17, 740, '2006-01-28 05:25:49'),
(158, 18, 742, '1978-07-23 21:25:31'),
(159, 19, 744, '2014-10-03 17:07:24'),
(160, 20, 746, '1997-07-09 02:51:38'),
(161, 1, 747, '1997-03-29 17:34:59'),
(162, 2, 749, '1988-07-22 00:03:32'),
(163, 3, 750, '2015-01-24 22:45:38'),
(164, 4, 751, '1984-02-13 13:17:23'),
(165, 5, 753, '1977-08-02 19:59:23'),
(166, 6, 755, '1982-09-15 12:00:01'),
(167, 7, 756, '1979-06-03 20:28:46'),
(168, 8, 757, '1987-08-31 22:29:06'),
(169, 9, 759, '2004-02-05 01:10:04'),
(170, 10, 760, '2004-06-21 01:34:38'),
(171, 11, 761, '2003-04-14 09:58:42'),
(172, 12, 763, '1980-10-20 20:42:38'),
(173, 13, 766, '2018-04-14 19:27:28'),
(174, 14, 771, '1971-01-19 19:34:16'),
(175, 15, 773, '1971-09-19 19:13:13'),
(176, 16, 775, '1978-07-16 22:47:15'),
(177, 17, 776, '2002-06-13 07:25:44'),
(178, 18, 777, '1982-05-22 12:01:18'),
(179, 19, 778, '1998-02-15 14:03:58'),
(180, 20, 781, '1981-04-16 09:20:10'),
(181, 1, 782, '1989-03-14 01:09:00'),
(182, 2, 786, '1989-07-10 10:44:09'),
(183, 3, 787, '1976-02-13 07:37:26'),
(184, 4, 791, '1987-09-09 03:07:10'),
(185, 5, 792, '1989-08-11 00:57:48'),
(186, 6, 901, '2017-06-30 23:31:56'),
(187, 7, 905, '1990-01-25 04:16:41'),
(188, 8, 906, '1998-03-15 16:14:08'),
(189, 9, 907, '1987-10-18 06:36:11'),
(190, 10, 909, '1996-03-12 02:20:29'),
(191, 11, 910, '2018-11-07 00:18:28'),
(192, 12, 923, '2008-07-30 08:26:00'),
(193, 13, 924, '2017-12-26 12:42:58'),
(194, 14, 926, '1979-06-18 07:46:23'),
(195, 15, 928, '1978-03-07 06:29:50'),
(196, 16, 929, '2004-03-18 04:06:26'),
(197, 17, 934, '2018-09-22 00:30:32'),
(198, 18, 942, '2013-06-30 00:44:01'),
(199, 19, 943, '2012-02-15 09:18:37'),
(200, 20, 944, '1997-07-28 13:00:04'),
(201, 1, 945, '1981-12-09 07:26:40'),
(202, 2, 946, '1993-08-07 23:33:21'),
(203, 3, 947, '1972-11-13 20:16:41'),
(204, 4, 951, '1989-11-07 06:34:06'),
(205, 5, 956, '1997-08-23 02:35:38'),
(206, 6, 957, '2013-05-10 07:32:47'),
(207, 7, 959, '1976-11-30 01:09:39'),
(208, 8, 962, '2007-07-06 06:33:11'),
(209, 9, 964, '2005-12-15 15:20:29'),
(210, 10, 968, '2017-03-14 05:16:24'),
(211, 11, 971, '1999-04-30 16:20:00'),
(212, 12, 973, '1985-09-04 00:07:15'),
(213, 13, 975, '1999-12-14 20:57:50'),
(214, 14, 978, '2003-08-08 01:57:04'),
(215, 15, 979, '2003-07-09 20:06:03'),
(216, 16, 983, '2012-08-12 07:36:55'),
(217, 17, 984, '1982-05-24 18:18:08'),
(218, 18, 985, '1996-11-12 23:29:02'),
(219, 19, 986, '1986-09-14 02:53:57'),
(220, 20, 987, '2013-06-23 23:22:33'),
(221, 1, 989, '1983-01-02 19:27:23'),
(222, 2, 991, '1994-09-26 19:42:45'),
(223, 3, 992, '2013-07-05 18:53:53'),
(224, 4, 994, '1974-12-13 19:45:23'),
(225, 5, 995, '1971-09-05 03:26:10'),
(226, 6, 996, '2015-10-10 12:34:20'),
(227, 7, 999, '1995-12-19 06:55:35'),
(228, 8, 1101, '1988-12-29 14:17:10'),
(229, 9, 1102, '1983-11-11 06:40:05'),
(230, 10, 1105, '2007-06-14 14:45:18'),
(231, 11, 1109, '2011-09-04 22:49:41'),
(232, 12, 1110, '1975-07-06 13:25:51'),
(233, 13, 1111, '1981-04-01 08:21:10'),
(234, 14, 1112, '1989-03-14 21:10:31'),
(235, 15, 1113, '2014-06-09 13:40:23'),
(236, 16, 1115, '2017-01-04 23:17:07'),
(237, 17, 1118, '1982-10-23 02:00:52'),
(238, 18, 1119, '2004-02-24 01:44:45'),
(239, 19, 1121, '1971-02-09 15:17:08'),
(240, 20, 1128, '2000-04-14 01:56:13'),
(241, 1, 1129, '2011-09-11 16:17:22'),
(242, 2, 1131, '1990-07-30 23:47:37'),
(243, 3, 1133, '2016-08-06 21:59:46'),
(244, 4, 1134, '2018-12-02 14:58:34'),
(245, 5, 1135, '2008-03-11 04:47:08'),
(246, 6, 1139, '1985-08-29 01:11:57'),
(247, 7, 1140, '2009-06-22 23:29:29'),
(248, 8, 1141, '2017-04-23 10:55:31'),
(249, 9, 1143, '1983-06-27 11:10:56'),
(250, 10, 1144, '1992-09-08 04:50:58'),
(251, 11, 1145, '1977-06-11 06:20:23'),
(252, 12, 1146, '2017-08-12 21:13:40'),
(253, 13, 1147, '1991-01-06 06:16:58'),
(254, 14, 1148, '1978-02-14 21:40:53'),
(255, 15, 1154, '1983-05-02 08:16:16'),
(256, 16, 1156, '1987-12-31 00:21:59'),
(257, 17, 1158, '2003-12-04 14:59:56'),
(258, 18, 1162, '1974-05-06 23:06:25'),
(259, 19, 1164, '1999-03-27 05:47:52'),
(260, 20, 1165, '2008-04-25 02:22:16'),
(261, 1, 1167, '2005-04-10 05:47:53'),
(262, 2, 1169, '1994-05-02 01:33:45'),
(263, 3, 1171, '1992-01-10 03:14:11'),
(264, 4, 1172, '1975-03-26 22:39:21'),
(265, 5, 1176, '1981-08-17 09:00:03'),
(266, 6, 1182, '1999-04-02 17:50:48'),
(267, 7, 1184, '2015-11-24 14:50:53'),
(268, 8, 1185, '2005-05-28 03:29:39'),
(269, 9, 1186, '2006-08-28 23:19:48'),
(270, 10, 1187, '2010-01-27 05:50:56'),
(271, 11, 1191, '1986-10-29 09:16:17'),
(272, 12, 1192, '1979-06-10 07:25:49'),
(273, 13, 1194, '1982-05-17 03:41:56'),
(274, 14, 1195, '2012-09-04 23:00:34'),
(275, 15, 1196, '1998-10-27 04:12:58'),
(276, 16, 1197, '1978-07-31 23:36:32'),
(277, 17, 1198, '1987-02-25 07:01:49'),
(278, 18, 1199, '1972-12-31 07:23:12'),
(279, 19, 1301, '1991-03-21 14:30:24'),
(280, 20, 1302, '2015-03-13 20:50:57'),
(281, 1, 1304, '1980-06-19 15:17:42'),
(282, 2, 1305, '1988-03-08 16:21:24'),
(283, 3, 1316, '2011-07-18 14:08:38'),
(284, 4, 1317, '1981-06-15 07:06:21'),
(285, 5, 1318, '1971-12-22 17:47:08'),
(286, 6, 1320, '2011-04-13 02:19:31'),
(287, 7, 1322, '1977-09-22 20:38:45'),
(288, 8, 1325, '2005-12-20 02:01:54'),
(289, 9, 1328, '1984-02-13 09:29:03'),
(290, 10, 1329, '2000-05-02 08:27:21'),
(291, 11, 1330, '2008-07-13 12:40:06'),
(292, 12, 1332, '1980-12-22 00:05:32'),
(293, 13, 1336, '2017-04-02 19:48:58'),
(294, 14, 1337, '1981-03-25 17:19:43'),
(295, 15, 1340, '2005-01-24 11:26:27'),
(296, 16, 1342, '1986-08-25 17:27:24'),
(297, 17, 1347, '2008-09-15 06:36:48'),
(298, 18, 1349, '2016-06-24 10:21:16'),
(299, 19, 1351, '1993-04-12 20:19:50'),
(300, 20, 1354, '2003-10-11 18:46:41'),
(301, 1, 1362, '1994-11-21 20:22:24'),
(302, 2, 1364, '1981-08-31 12:36:22'),
(303, 3, 1366, '2003-01-27 03:12:57'),
(304, 4, 1369, '1985-11-27 10:08:42'),
(305, 5, 1372, '1987-05-25 07:11:02'),
(306, 6, 1375, '1974-11-12 08:40:43'),
(307, 7, 1376, '2015-10-14 18:04:27'),
(308, 8, 1378, '1977-10-21 13:49:30'),
(309, 9, 1381, '1989-06-05 08:44:09'),
(310, 10, 1382, '2004-03-11 07:31:55'),
(311, 11, 1383, '2006-05-21 09:38:19'),
(312, 12, 1385, '1976-01-14 06:31:13'),
(313, 13, 1389, '1985-08-27 11:05:47'),
(314, 14, 1392, '1988-09-14 21:28:18'),
(315, 15, 1393, '2013-01-13 06:57:20'),
(316, 16, 1400, '2009-10-11 14:13:39'),
(317, 17, 1504, '2003-04-17 21:04:58'),
(318, 18, 1506, '1995-03-28 07:53:28'),
(319, 19, 1510, '1999-06-18 01:49:08'),
(320, 20, 1512, '1985-08-15 20:08:44'),
(321, 1, 1515, '2016-08-03 11:31:33'),
(322, 2, 1516, '1971-10-01 10:14:14'),
(323, 3, 1520, '1992-08-09 10:49:08'),
(324, 4, 1522, '1987-04-18 23:27:36'),
(325, 5, 1523, '2017-01-09 05:42:55'),
(326, 6, 1525, '1970-09-06 05:38:49'),
(327, 7, 1526, '1982-09-13 18:44:58'),
(328, 8, 1527, '2010-05-31 06:41:59'),
(329, 9, 1532, '1996-07-09 04:45:02'),
(330, 10, 1533, '1983-07-28 20:16:07'),
(331, 11, 1534, '1976-02-03 14:44:55'),
(332, 12, 1537, '1993-04-07 19:15:47'),
(333, 13, 1546, '2012-12-02 10:18:41'),
(334, 14, 1551, '1994-08-17 05:36:06'),
(335, 15, 1554, '1982-04-25 15:56:28'),
(336, 16, 1557, '2014-12-03 02:37:52'),
(337, 17, 1561, '1986-03-14 05:19:50'),
(338, 18, 1562, '1991-12-07 00:43:45'),
(339, 19, 1563, '1986-05-21 15:47:10'),
(340, 20, 1566, '2012-08-06 06:12:17'),
(341, 1, 1570, '2007-07-03 12:18:44'),
(342, 2, 1571, '1995-11-22 12:20:12'),
(343, 3, 1572, '2007-09-23 09:59:22'),
(344, 4, 1578, '1986-03-10 08:51:07'),
(345, 5, 1584, '2018-01-02 06:22:53'),
(346, 6, 1586, '1979-09-12 09:43:12'),
(347, 7, 1587, '1980-02-09 09:43:33'),
(348, 8, 1588, '2009-10-15 00:31:16'),
(349, 9, 1592, '2006-02-05 05:17:18'),
(350, 10, 1593, '1995-06-05 12:24:15'),
(351, 11, 1595, '2002-05-05 03:12:56'),
(352, 12, 1599, '1979-01-19 08:25:24'),
(353, 13, 1600, '1993-05-23 15:36:10'),
(354, 14, 1702, '1988-04-13 00:44:19'),
(355, 15, 1703, '1971-07-12 21:31:33'),
(356, 16, 1704, '1983-05-29 20:07:48'),
(357, 17, 1705, '1973-04-17 09:06:23'),
(358, 18, 1709, '1986-04-28 02:57:03'),
(359, 19, 1713, '2009-02-06 04:49:00'),
(360, 20, 1714, '2013-07-31 00:58:43'),
(361, 1, 1716, '1971-07-17 05:50:51'),
(362, 2, 1717, '2013-02-17 08:33:40'),
(363, 3, 1718, '2008-08-02 08:26:21'),
(364, 4, 1720, '2015-12-06 05:02:24'),
(365, 5, 1721, '1984-04-28 11:15:44'),
(366, 6, 1728, '2002-05-05 19:53:57'),
(367, 7, 1729, '1986-08-27 07:46:43'),
(368, 8, 1731, '2014-10-16 14:56:23'),
(369, 9, 1732, '1999-12-22 10:55:14'),
(370, 10, 1733, '1995-01-15 12:56:15'),
(371, 11, 1742, '1983-02-02 04:17:44'),
(372, 12, 1746, '1994-11-21 08:07:10'),
(373, 13, 1747, '1986-04-30 13:24:54'),
(374, 14, 1750, '2012-02-03 13:06:52'),
(375, 15, 1751, '1978-02-06 13:02:23'),
(376, 16, 1752, '1975-12-20 01:44:14'),
(377, 17, 1753, '1979-03-26 06:17:45'),
(378, 18, 1757, '1995-10-03 07:57:02'),
(379, 19, 1759, '2014-05-22 08:45:26'),
(380, 20, 1760, '2004-08-20 10:00:12'),
(381, 1, 1762, '2006-04-04 21:25:37'),
(382, 2, 1764, '1997-02-03 21:22:51'),
(383, 3, 1768, '1996-01-27 11:51:02'),
(384, 4, 1769, '2002-05-12 03:53:45'),
(385, 5, 1772, '1994-01-10 10:49:56'),
(386, 6, 1773, '1993-05-11 10:42:33'),
(387, 7, 1776, '2018-11-11 15:13:57'),
(388, 8, 1777, '1989-12-26 04:17:41'),
(389, 9, 1778, '1993-07-22 23:14:20'),
(390, 10, 1780, '1980-08-18 05:20:02'),
(391, 11, 1781, '2010-05-22 07:24:50'),
(392, 12, 1782, '1984-07-18 05:53:05'),
(393, 13, 1783, '2017-03-23 19:55:08'),
(394, 14, 1785, '1984-10-14 23:39:26'),
(395, 15, 1786, '2002-06-21 20:11:30'),
(396, 16, 1787, '2007-12-25 17:41:20'),
(397, 17, 1791, '1993-10-07 20:32:20'),
(398, 18, 1793, '2017-11-24 08:52:44'),
(399, 19, 1796, '2013-02-20 09:21:37'),
(400, 20, 1798, '1978-01-28 10:42:02');

-- --------------------------------------------------------

--
-- Table structure for table `message`
--

CREATE TABLE `message` (
  `id` int(20) NOT NULL,
  `id_sender` int(10) NOT NULL,
  `id_receive` int(10) NOT NULL,
  `date` datetime NOT NULL DEFAULT CURRENT_TIMESTAMP
) ENGINE=InnoDB DEFAULT CHARSET=utf8;

--
-- Dumping data for table `message`
--

INSERT INTO `message` (`id`, `id_sender`, `id_receive`, `date`) VALUES
(1, 101, 1, '1970-01-01 00:00:00'),
(2, 102, 2, '1970-01-01 00:00:00'),
(3, 103, 3, '1970-01-01 00:00:00'),
(4, 104, 4, '1970-01-01 00:00:00'),
(5, 106, 5, '1970-01-01 00:00:00'),
(6, 107, 6, '1970-01-01 00:00:00'),
(7, 110, 7, '1970-01-01 00:00:00'),
(8, 112, 8, '1970-01-01 00:00:00'),
(9, 116, 9, '1970-01-01 00:00:00'),
(10, 119, 10, '1970-01-01 00:00:00'),
(11, 120, 11, '1970-01-01 00:00:00'),
(12, 122, 12, '1970-01-01 00:00:00'),
(13, 123, 13, '1970-01-01 00:00:00'),
(14, 127, 14, '1970-01-01 00:00:00'),
(15, 130, 15, '1970-01-01 00:00:00'),
(16, 132, 16, '1970-01-01 00:00:00'),
(17, 133, 17, '1970-01-01 00:00:00'),
(18, 135, 18, '1970-01-01 00:00:00'),
(19, 136, 19, '1970-01-01 00:00:00'),
(20, 138, 20, '1970-01-01 00:00:00'),
(21, 139, 21, '1970-01-01 00:00:00'),
(22, 140, 22, '1970-01-01 00:00:00'),
(23, 145, 23, '1970-01-01 00:00:00'),
(24, 150, 24, '1970-01-01 00:00:00'),
(25, 151, 25, '1970-01-01 00:00:00'),
(26, 154, 26, '1970-01-01 00:00:00'),
(27, 155, 27, '1970-01-01 00:00:00'),
(28, 156, 28, '1970-01-01 00:00:00'),
(29, 157, 29, '1970-01-01 00:00:00'),
(30, 162, 30, '1970-01-01 00:00:00'),
(31, 163, 31, '1970-01-01 00:00:00'),
(32, 165, 32, '1970-01-01 00:00:00'),
(33, 166, 33, '1970-01-01 00:00:00'),
(34, 167, 34, '1970-01-01 00:00:00'),
(35, 168, 35, '1970-01-01 00:00:00'),
(36, 170, 36, '1970-01-01 00:00:00'),
(37, 172, 37, '1970-01-01 00:00:00'),
(38, 174, 38, '1970-01-01 00:00:00'),
(39, 175, 39, '1970-01-01 00:00:00'),
(40, 176, 40, '1970-01-01 00:00:00'),
(41, 179, 41, '1970-01-01 00:00:00'),
(42, 181, 42, '1970-01-01 00:00:00'),
(43, 185, 43, '1970-01-01 00:00:00'),
(44, 186, 44, '1970-01-01 00:00:00'),
(45, 189, 45, '1970-01-01 00:00:00'),
(46, 190, 46, '1970-01-01 00:00:00'),
(47, 192, 47, '1970-01-01 00:00:00'),
(48, 193, 48, '1970-01-01 00:00:00'),
(49, 194, 49, '1970-01-01 00:00:00'),
(50, 197, 50, '1970-01-01 00:00:00'),
(51, 198, 51, '1970-01-01 00:00:00'),
(52, 200, 52, '1970-01-01 00:00:00'),
(53, 306, 53, '1970-01-01 00:00:00'),
(54, 307, 54, '1970-01-01 00:00:00'),
(55, 308, 55, '1970-01-01 00:00:00'),
(56, 309, 56, '1970-01-01 00:00:00'),
(57, 311, 57, '1970-01-01 00:00:00'),
(58, 312, 58, '1970-01-01 00:00:00'),
(59, 315, 59, '1970-01-01 00:00:00'),
(60, 318, 60, '1970-01-01 00:00:00'),
(61, 322, 61, '1970-01-01 00:00:00'),
(62, 323, 62, '1970-01-01 00:00:00'),
(63, 325, 63, '1970-01-01 00:00:00'),
(64, 326, 64, '1970-01-01 00:00:00'),
(65, 328, 65, '1970-01-01 00:00:00'),
(66, 329, 66, '1970-01-01 00:00:00'),
(67, 330, 67, '1970-01-01 00:00:00'),
(68, 334, 68, '1970-01-01 00:00:00'),
(69, 335, 69, '1970-01-01 00:00:00'),
(70, 336, 70, '1970-01-01 00:00:00'),
(71, 338, 71, '1970-01-01 00:00:00'),
(72, 339, 72, '1970-01-01 00:00:00'),
(73, 341, 73, '1970-01-01 00:00:00'),
(74, 343, 74, '1970-01-01 00:00:00'),
(75, 348, 75, '1970-01-01 00:00:00'),
(76, 350, 76, '1970-01-01 00:00:00'),
(77, 351, 77, '1970-01-01 00:00:00'),
(78, 355, 78, '1970-01-01 00:00:00'),
(79, 356, 79, '1970-01-01 00:00:00'),
(80, 357, 80, '1970-01-01 00:00:00'),
(81, 359, 81, '1970-01-01 00:00:00'),
(82, 360, 82, '1970-01-01 00:00:00'),
(83, 364, 83, '1970-01-01 00:00:00'),
(84, 365, 84, '1970-01-01 00:00:00'),
(85, 366, 85, '1970-01-01 00:00:00'),
(86, 367, 86, '1970-01-01 00:00:00'),
(87, 375, 87, '1970-01-01 00:00:00'),
(88, 376, 88, '1970-01-01 00:00:00'),
(89, 377, 89, '1970-01-01 00:00:00'),
(90, 381, 90, '1970-01-01 00:00:00'),
(91, 386, 91, '1970-01-01 00:00:00'),
(92, 387, 92, '1970-01-01 00:00:00'),
(93, 388, 93, '1970-01-01 00:00:00'),
(94, 392, 94, '1970-01-01 00:00:00'),
(95, 393, 95, '1970-01-01 00:00:00'),
(96, 394, 96, '1970-01-01 00:00:00'),
(97, 396, 97, '1970-01-01 00:00:00'),
(98, 397, 98, '1970-01-01 00:00:00'),
(99, 398, 99, '1970-01-01 00:00:00'),
(100, 399, 100, '1970-01-01 00:00:00'),
(101, 400, 101, '1970-01-01 00:00:00'),
(102, 503, 102, '1970-01-01 00:00:00'),
(103, 504, 103, '1970-01-01 00:00:00'),
(104, 508, 104, '1970-01-01 00:00:00'),
(105, 509, 105, '1970-01-01 00:00:00'),
(106, 511, 106, '1970-01-01 00:00:00'),
(107, 512, 107, '1970-01-01 00:00:00'),
(108, 522, 108, '1970-01-01 00:00:00'),
(109, 525, 109, '1970-01-01 00:00:00'),
(110, 531, 110, '1970-01-01 00:00:00'),
(111, 533, 111, '1970-01-01 00:00:00'),
(112, 537, 112, '1970-01-01 00:00:00'),
(113, 538, 113, '1970-01-01 00:00:00'),
(114, 541, 114, '1970-01-01 00:00:00'),
(115, 542, 115, '1970-01-01 00:00:00'),
(116, 545, 116, '1970-01-01 00:00:00'),
(117, 546, 117, '1970-01-01 00:00:00'),
(118, 547, 118, '1970-01-01 00:00:00'),
(119, 548, 119, '1970-01-01 00:00:00'),
(120, 554, 120, '1970-01-01 00:00:00'),
(121, 555, 121, '1970-01-01 00:00:00'),
(122, 556, 122, '1970-01-01 00:00:00'),
(123, 557, 123, '1970-01-01 00:00:00'),
(124, 559, 124, '1970-01-01 00:00:00'),
(125, 560, 125, '1970-01-01 00:00:00'),
(126, 563, 126, '1970-01-01 00:00:00'),
(127, 566, 127, '1970-01-01 00:00:00'),
(128, 571, 128, '1970-01-01 00:00:00'),
(129, 572, 129, '1970-01-01 00:00:00'),
(130, 573, 130, '1970-01-01 00:00:00'),
(131, 574, 131, '1970-01-01 00:00:00'),
(132, 575, 132, '1970-01-01 00:00:00'),
(133, 577, 133, '1970-01-01 00:00:00'),
(134, 580, 134, '1970-01-01 00:00:00'),
(135, 582, 135, '1970-01-01 00:00:00'),
(136, 583, 136, '1970-01-01 00:00:00'),
(137, 584, 137, '1970-01-01 00:00:00'),
(138, 587, 138, '1970-01-01 00:00:00'),
(139, 592, 139, '1970-01-01 00:00:00'),
(140, 594, 140, '1970-01-01 00:00:00'),
(141, 596, 141, '1970-01-01 00:00:00'),
(142, 597, 142, '1970-01-01 00:00:00'),
(143, 598, 143, '1970-01-01 00:00:00'),
(144, 705, 144, '1970-01-01 00:00:00'),
(145, 708, 145, '1970-01-01 00:00:00'),
(146, 712, 146, '1970-01-01 00:00:00'),
(147, 713, 147, '1970-01-01 00:00:00'),
(148, 721, 148, '1970-01-01 00:00:00'),
(149, 722, 149, '1970-01-01 00:00:00'),
(150, 723, 150, '1970-01-01 00:00:00'),
(151, 725, 151, '1970-01-01 00:00:00'),
(152, 729, 152, '1970-01-01 00:00:00'),
(153, 731, 153, '1970-01-01 00:00:00'),
(154, 733, 154, '1970-01-01 00:00:00'),
(155, 734, 155, '1970-01-01 00:00:00'),
(156, 737, 156, '1970-01-01 00:00:00'),
(157, 740, 157, '1970-01-01 00:00:00'),
(158, 742, 158, '1970-01-01 00:00:00'),
(159, 744, 159, '1970-01-01 00:00:00'),
(160, 746, 160, '1970-01-01 00:00:00'),
(161, 747, 161, '1970-01-01 00:00:00'),
(162, 749, 162, '1970-01-01 00:00:00'),
(163, 750, 163, '1970-01-01 00:00:00'),
(164, 751, 164, '1970-01-01 00:00:00'),
(165, 753, 165, '1970-01-01 00:00:00'),
(166, 755, 166, '1970-01-01 00:00:00'),
(167, 756, 167, '1970-01-01 00:00:00'),
(168, 757, 168, '1970-01-01 00:00:00'),
(169, 759, 169, '1970-01-01 00:00:00'),
(170, 760, 170, '1970-01-01 00:00:00'),
(171, 761, 171, '1970-01-01 00:00:00'),
(172, 763, 172, '1970-01-01 00:00:00'),
(173, 766, 173, '1970-01-01 00:00:00'),
(174, 771, 174, '1970-01-01 00:00:00'),
(175, 773, 175, '1970-01-01 00:00:00'),
(176, 775, 176, '1970-01-01 00:00:00'),
(177, 776, 177, '1970-01-01 00:00:00'),
(178, 777, 178, '1970-01-01 00:00:00'),
(179, 778, 179, '1970-01-01 00:00:00'),
(180, 781, 180, '1970-01-01 00:00:00'),
(181, 782, 181, '1970-01-01 00:00:00'),
(182, 786, 182, '1970-01-01 00:00:00'),
(183, 787, 183, '1970-01-01 00:00:00'),
(184, 791, 184, '1970-01-01 00:00:00'),
(185, 792, 185, '1970-01-01 00:00:00'),
(186, 901, 186, '1970-01-01 00:00:00'),
(187, 905, 187, '1970-01-01 00:00:00'),
(188, 906, 188, '1970-01-01 00:00:00'),
(189, 907, 189, '1970-01-01 00:00:00'),
(190, 909, 190, '1970-01-01 00:00:00'),
(191, 910, 191, '1970-01-01 00:00:00'),
(192, 923, 192, '1970-01-01 00:00:00'),
(193, 924, 193, '1970-01-01 00:00:00'),
(194, 926, 194, '1970-01-01 00:00:00'),
(195, 928, 195, '1970-01-01 00:00:00'),
(196, 929, 196, '1970-01-01 00:00:00'),
(197, 934, 197, '1970-01-01 00:00:00'),
(198, 942, 198, '1970-01-01 00:00:00'),
(199, 943, 199, '1970-01-01 00:00:00'),
(200, 944, 200, '1970-01-01 00:00:00'),
(201, 945, 201, '1970-01-01 00:00:00'),
(202, 946, 202, '1970-01-01 00:00:00'),
(203, 947, 203, '1970-01-01 00:00:00'),
(204, 951, 204, '1970-01-01 00:00:00'),
(205, 956, 205, '1970-01-01 00:00:00'),
(206, 957, 206, '1970-01-01 00:00:00'),
(207, 959, 207, '1970-01-01 00:00:00'),
(208, 962, 208, '1970-01-01 00:00:00'),
(209, 964, 209, '1970-01-01 00:00:00'),
(210, 968, 210, '1970-01-01 00:00:00'),
(211, 971, 211, '1970-01-01 00:00:00'),
(212, 973, 212, '1970-01-01 00:00:00'),
(213, 975, 213, '1970-01-01 00:00:00'),
(214, 978, 214, '1970-01-01 00:00:00'),
(215, 979, 215, '1970-01-01 00:00:00'),
(216, 983, 216, '1970-01-01 00:00:00'),
(217, 984, 217, '1970-01-01 00:00:00'),
(218, 985, 218, '1970-01-01 00:00:00'),
(219, 986, 219, '1970-01-01 00:00:00'),
(220, 987, 220, '1970-01-01 00:00:00'),
(221, 989, 221, '1970-01-01 00:00:00'),
(222, 991, 222, '1970-01-01 00:00:00'),
(223, 992, 223, '1970-01-01 00:00:00'),
(224, 994, 224, '1970-01-01 00:00:00'),
(225, 995, 225, '1970-01-01 00:00:00'),
(226, 996, 226, '1970-01-01 00:00:00'),
(227, 999, 227, '1970-01-01 00:00:00'),
(228, 1101, 228, '1970-01-01 00:00:00'),
(229, 1102, 229, '1970-01-01 00:00:00'),
(230, 1105, 230, '1970-01-01 00:00:00'),
(231, 1109, 231, '1970-01-01 00:00:00'),
(232, 1110, 232, '1970-01-01 00:00:00'),
(233, 1111, 233, '1970-01-01 00:00:00'),
(234, 1112, 234, '1970-01-01 00:00:00'),
(235, 1113, 235, '1970-01-01 00:00:00'),
(236, 1115, 236, '1970-01-01 00:00:00'),
(237, 1118, 237, '1970-01-01 00:00:00'),
(238, 1119, 238, '1970-01-01 00:00:00'),
(239, 1121, 239, '1970-01-01 00:00:00'),
(240, 1128, 240, '1970-01-01 00:00:00'),
(241, 1129, 241, '1970-01-01 00:00:00'),
(242, 1131, 242, '1970-01-01 00:00:00'),
(243, 1133, 243, '1970-01-01 00:00:00'),
(244, 1134, 244, '1970-01-01 00:00:00'),
(245, 1135, 245, '1970-01-01 00:00:00'),
(246, 1139, 246, '1970-01-01 00:00:00'),
(247, 1140, 247, '1970-01-01 00:00:00'),
(248, 1141, 248, '1970-01-01 00:00:00'),
(249, 1143, 249, '1970-01-01 00:00:00'),
(250, 1144, 250, '1970-01-01 00:00:00'),
(251, 1145, 251, '1970-01-01 00:00:00'),
(252, 1146, 252, '1970-01-01 00:00:00'),
(253, 1147, 253, '1970-01-01 00:00:00'),
(254, 1148, 254, '1970-01-01 00:00:00'),
(255, 1154, 255, '1970-01-01 00:00:00'),
(256, 1156, 256, '1970-01-01 00:00:00'),
(257, 1158, 257, '1970-01-01 00:00:00'),
(258, 1162, 258, '1970-01-01 00:00:00'),
(259, 1164, 259, '1970-01-01 00:00:00'),
(260, 1165, 260, '1970-01-01 00:00:00'),
(261, 1167, 261, '1970-01-01 00:00:00'),
(262, 1169, 262, '1970-01-01 00:00:00'),
(263, 1171, 263, '1970-01-01 00:00:00'),
(264, 1172, 264, '1970-01-01 00:00:00'),
(265, 1176, 265, '1970-01-01 00:00:00'),
(266, 1182, 266, '1970-01-01 00:00:00'),
(267, 1184, 267, '1970-01-01 00:00:00'),
(268, 1185, 268, '1970-01-01 00:00:00'),
(269, 1186, 269, '1970-01-01 00:00:00'),
(270, 1187, 270, '1970-01-01 00:00:00'),
(271, 1191, 271, '1970-01-01 00:00:00'),
(272, 1192, 272, '1970-01-01 00:00:00'),
(273, 1194, 273, '1970-01-01 00:00:00'),
(274, 1195, 274, '1970-01-01 00:00:00'),
(275, 1196, 275, '1970-01-01 00:00:00'),
(276, 1197, 276, '1970-01-01 00:00:00'),
(277, 1198, 277, '1970-01-01 00:00:00'),
(278, 1199, 278, '1970-01-01 00:00:00'),
(279, 1301, 279, '1970-01-01 00:00:00'),
(280, 1302, 280, '1970-01-01 00:00:00'),
(281, 1304, 281, '1970-01-01 00:00:00'),
(282, 1305, 282, '1970-01-01 00:00:00'),
(283, 1316, 283, '1970-01-01 00:00:00'),
(284, 1317, 284, '1970-01-01 00:00:00'),
(285, 1318, 285, '1970-01-01 00:00:00'),
(286, 1320, 286, '1970-01-01 00:00:00'),
(287, 1322, 287, '1970-01-01 00:00:00'),
(288, 1325, 288, '1970-01-01 00:00:00'),
(289, 1328, 289, '1970-01-01 00:00:00'),
(290, 1329, 290, '1970-01-01 00:00:00'),
(291, 1330, 291, '1970-01-01 00:00:00'),
(292, 1332, 292, '1970-01-01 00:00:00'),
(293, 1336, 293, '1970-01-01 00:00:00'),
(294, 1337, 294, '1970-01-01 00:00:00'),
(295, 1340, 295, '1970-01-01 00:00:00'),
(296, 1342, 296, '1970-01-01 00:00:00'),
(297, 1347, 297, '1970-01-01 00:00:00'),
(298, 1349, 298, '1970-01-01 00:00:00'),
(299, 1351, 299, '1970-01-01 00:00:00'),
(300, 1354, 300, '1970-01-01 00:00:00');

-- --------------------------------------------------------

--
-- Table structure for table `position`
--

CREATE TABLE `position` (
  `id` int(10) NOT NULL,
  `name` varchar(100) NOT NULL
) ENGINE=InnoDB DEFAULT CHARSET=utf8;

--
-- Dumping data for table `position`
--

INSERT INTO `position` (`id`, `name`) VALUES
(1, 'quidem'),
(2, 'iste'),
(3, 'ut'),
(4, 'blanditiis'),
(5, 'odio'),
(6, 'corporis'),
(7, 'pariatur'),
(8, 'delectus'),
(9, 'veritatis'),
(10, 'qui');

-- --------------------------------------------------------

--
-- Table structure for table `sub_division`
--

CREATE TABLE `sub_division` (
  `id` int(10) NOT NULL,
  `id_division` int(10) NOT NULL,
  `name` varchar(100) NOT NULL
) ENGINE=InnoDB DEFAULT CHARSET=utf8;

--
-- Dumping data for table `sub_division`
--

INSERT INTO `sub_division` (`id`, `id_division`, `name`) VALUES
(1, 1, 'deliver dynamic functionalities'),
(2, 2, 'exploit visionary e-markets'),
(3, 3, 'whiteboard frictionless functionalities'),
(4, 4, 'implement strategic e-services'),
(5, 5, 'redefine 24/365 infrastructures'),
(6, 6, 'enhance compelling interfaces'),
(7, 7, 'drive back-end mindshare'),
(8, 8, 'drive scalable functionalities'),
(9, 9, 'matrix plug-and-play models'),
(10, 10, 'benchmark ubiquitous eyeballs'),
(11, 11, 'envisioneer enterprise infomediaries'),
(12, 12, 'monetize user-centric initiatives'),
(13, 13, 'seize holistic architectures'),
(14, 14, 'incubate 24/365 platforms'),
(15, 15, 'brand magnetic action-items'),
(16, 16, 'exploit value-added portals'),
(17, 17, 'leverage user-centric paradigms'),
(18, 18, 'facilitate plug-and-play e-commerce'),
(19, 19, 'reintermediate cross-platform systems'),
(20, 20, 'scale magnetic vortals'),
(21, 21, 'expedite best-of-breed e-business'),
(22, 22, 'exploit transparent initiatives'),
(23, 23, 'envisioneer virtual synergies'),
(24, 24, 'optimize rich relationships'),
(25, 25, 'orchestrate end-to-end partnerships'),
(26, 26, 'benchmark vertical synergies'),
(27, 27, 'drive user-centric users'),
(28, 28, 'harness front-end systems'),
(29, 29, 'disintermediate magnetic eyeballs'),
(30, 30, 'generate synergistic experiences'),
(31, 31, 'incubate 24/7 methodologies'),
(32, 32, 'leverage global infomediaries'),
(33, 33, 'expedite magnetic communities'),
(34, 34, 'maximize best-of-breed initiatives'),
(35, 35, 'strategize front-end partnerships'),
(36, 36, 'incentivize front-end methodologies'),
(37, 37, 'transition magnetic action-items'),
(38, 38, 'disintermediate frictionless networks'),
(39, 39, 'matrix robust synergies'),
(40, 40, 'unleash viral technologies'),
(41, 41, 'mesh sexy metrics'),
(42, 42, 'morph mission-critical webservices'),
(43, 43, 'reintermediate granular infrastructures'),
(44, 44, 'embrace cross-platform markets'),
(45, 45, 'integrate visionary e-commerce'),
(46, 46, 'streamline cutting-edge initiatives'),
(47, 47, 'transform out-of-the-box bandwidth'),
(48, 48, 'reinvent sexy channels'),
(49, 49, 'reintermediate end-to-end e-tailers'),
(50, 50, 'transition compelling architectures'),
(51, 51, 'cultivate one-to-one initiatives'),
(52, 52, 'empower transparent bandwidth'),
(53, 53, 'whiteboard customized functionalities'),
(54, 54, 'syndicate revolutionary systems'),
(55, 55, 'engage out-of-the-box e-business'),
(56, 56, 'architect B2C infrastructures'),
(57, 57, 'matrix sexy infomediaries'),
(58, 58, 'syndicate wireless vortals'),
(59, 59, 'scale frictionless action-items'),
(60, 60, 'transition impactful infomediaries'),
(61, 61, 'iterate customized portals'),
(62, 62, 'aggregate dot-com methodologies'),
(63, 63, 'innovate intuitive synergies'),
(64, 64, 'empower compelling content'),
(65, 65, 'engineer dot-com schemas'),
(66, 66, 'e-enable cross-media e-business'),
(67, 67, 'leverage synergistic e-commerce'),
(68, 68, 'drive turn-key niches'),
(69, 69, 'empower ubiquitous bandwidth'),
(70, 70, 'innovate viral methodologies'),
(71, 71, 'monetize distributed metrics'),
(72, 72, 'cultivate intuitive relationships'),
(73, 73, 'enhance global markets'),
(74, 74, 'synergize real-time ROI'),
(75, 75, 'extend bleeding-edge mindshare'),
(76, 76, 'utilize user-centric web-readiness'),
(77, 77, 'mesh B2C networks'),
(78, 78, 'engineer scalable ROI'),
(79, 79, 'synthesize front-end content'),
(80, 80, 'strategize ubiquitous bandwidth'),
(81, 81, 'productize extensible experiences'),
(82, 82, 'transition distributed ROI'),
(83, 83, 'drive interactive vortals'),
(84, 84, 'transform robust content'),
(85, 85, 'enable B2C channels'),
(86, 86, 'exploit open-source schemas'),
(87, 87, 'whiteboard sexy ROI'),
(88, 88, 'e-enable rich vortals'),
(89, 89, 'expedite ubiquitous infrastructures'),
(90, 90, 'mesh transparent eyeballs'),
(91, 91, 'repurpose granular webservices'),
(92, 92, 'leverage ubiquitous action-items'),
(93, 93, 'redefine innovative bandwidth'),
(94, 94, 'grow seamless applications'),
(95, 95, 'redefine 24/365 metrics'),
(96, 96, 'evolve clicks-and-mortar e-commerce'),
(97, 97, 'syndicate one-to-one action-items'),
(98, 98, 'unleash B2C architectures'),
(99, 99, 'revolutionize wireless e-commerce'),
(100, 100, 'syndicate innovative communities'),
(101, 1, 'enhance B2B experiences'),
(102, 2, 'revolutionize end-to-end action-items'),
(103, 3, 'recontextualize end-to-end relationships'),
(104, 4, 'incubate leading-edge e-business'),
(105, 5, 'scale turn-key metrics'),
(106, 6, 'e-enable cross-media vortals'),
(107, 7, 'integrate cross-platform eyeballs'),
(108, 8, 'reinvent seamless bandwidth'),
(109, 9, 'engineer B2B infrastructures'),
(110, 10, 'target wireless partnerships'),
(111, 11, 'reinvent seamless metrics'),
(112, 12, 'incubate frictionless partnerships'),
(113, 13, 'transition B2C infomediaries'),
(114, 14, 'matrix wireless metrics'),
(115, 15, 'incentivize turn-key functionalities'),
(116, 16, 'benchmark cutting-edge e-commerce'),
(117, 17, 'revolutionize out-of-the-box systems'),
(118, 18, 'matrix sexy web-readiness'),
(119, 19, 'exploit enterprise e-services'),
(120, 20, 'repurpose collaborative models'),
(121, 21, 'synergize open-source solutions'),
(122, 22, 'extend one-to-one web-readiness'),
(123, 23, 'incentivize magnetic supply-chains'),
(124, 24, 'orchestrate enterprise e-business'),
(125, 25, 'engineer collaborative systems'),
(126, 26, 'e-enable plug-and-play vortals'),
(127, 27, 'repurpose rich communities'),
(128, 28, 'e-enable magnetic metrics'),
(129, 29, 'strategize out-of-the-box interfaces'),
(130, 30, 'e-enable wireless supply-chains'),
(131, 31, 'harness dynamic systems'),
(132, 32, 'redefine virtual channels'),
(133, 33, 'monetize distributed convergence'),
(134, 34, 'engage virtual e-business'),
(135, 35, 'visualize cutting-edge content'),
(136, 36, 'strategize revolutionary e-commerce'),
(137, 37, 'reinvent impactful solutions'),
(138, 38, 'leverage B2B markets'),
(139, 39, 'cultivate vertical experiences'),
(140, 40, 'disintermediate proactive e-commerce'),
(141, 41, 'strategize interactive deliverables'),
(142, 42, 'grow frictionless e-markets'),
(143, 43, 'strategize cross-media bandwidth'),
(144, 44, 'drive user-centric relationships'),
(145, 45, 'deliver bleeding-edge applications'),
(146, 46, 'deliver holistic experiences'),
(147, 47, 'orchestrate magnetic mindshare'),
(148, 48, 'extend bricks-and-clicks experiences'),
(149, 49, 'scale intuitive webservices'),
(150, 50, 'benchmark synergistic schemas'),
(151, 51, 'harness rich content'),
(152, 52, 'reintermediate one-to-one relationships'),
(153, 53, 'recontextualize one-to-one ROI'),
(154, 54, 'drive web-enabled models'),
(155, 55, 'iterate interactive supply-chains'),
(156, 56, 'deploy synergistic solutions'),
(157, 57, 'repurpose bricks-and-clicks mindshare'),
(158, 58, 'optimize e-business action-items'),
(159, 59, 'implement strategic e-tailers'),
(160, 60, 'grow cross-media technologies'),
(161, 61, 'synthesize back-end schemas'),
(162, 62, 'leverage global eyeballs'),
(163, 63, 'scale out-of-the-box relationships'),
(164, 64, 'envisioneer impactful infrastructures'),
(165, 65, 'generate integrated deliverables'),
(166, 66, 'engage transparent partnerships'),
(167, 67, 'orchestrate compelling portals'),
(168, 68, 'innovate interactive e-services'),
(169, 69, 'revolutionize visionary e-tailers'),
(170, 70, 'e-enable B2C metrics'),
(171, 71, 'integrate plug-and-play e-markets'),
(172, 72, 'seize cutting-edge schemas'),
(173, 73, 'matrix end-to-end mindshare'),
(174, 74, 'harness bricks-and-clicks experiences'),
(175, 75, 'embrace mission-critical webservices'),
(176, 76, 'facilitate killer content'),
(177, 77, 'evolve front-end interfaces'),
(178, 78, 'incentivize customized e-markets'),
(179, 79, 'drive collaborative bandwidth'),
(180, 80, 'engage clicks-and-mortar technologies'),
(181, 81, 'evolve global systems'),
(182, 82, 'enable distributed vortals'),
(183, 83, 'scale compelling markets'),
(184, 84, 'synthesize extensible solutions'),
(185, 85, 'enhance sexy interfaces'),
(186, 86, 'strategize world-class applications'),
(187, 87, 'iterate cutting-edge infomediaries'),
(188, 88, 'implement virtual solutions'),
(189, 89, 'drive impactful users'),
(190, 90, 'synergize transparent platforms'),
(191, 91, 'aggregate frictionless applications'),
(192, 92, 'e-enable cutting-edge functionalities'),
(193, 93, 'harness world-class solutions'),
(194, 94, 'iterate distributed e-tailers'),
(195, 95, 'drive customized portals'),
(196, 96, 'exploit global eyeballs'),
(197, 97, 'synergize visionary supply-chains'),
(198, 98, 'whiteboard clicks-and-mortar models'),
(199, 99, 'reintermediate 24/365 bandwidth'),
(200, 100, 'empower end-to-end deliverables'),
(201, 1, 'optimize intuitive channels'),
(202, 2, 'incentivize scalable architectures'),
(203, 3, 'orchestrate virtual infrastructures'),
(204, 4, 'utilize 24/7 experiences'),
(205, 5, 'facilitate magnetic technologies'),
(206, 6, 'transform proactive markets'),
(207, 7, 'drive back-end solutions'),
(208, 8, 'engage granular synergies'),
(209, 9, 'strategize holistic users'),
(210, 10, 'orchestrate turn-key niches'),
(211, 11, 'drive viral methodologies'),
(212, 12, 'extend distributed e-commerce'),
(213, 13, 'cultivate efficient communities'),
(214, 14, 'e-enable proactive e-business'),
(215, 15, 'envisioneer plug-and-play e-markets'),
(216, 16, 'orchestrate enterprise technologies'),
(217, 17, 'integrate vertical interfaces'),
(218, 18, 'transition mission-critical partnerships'),
(219, 19, 'innovate mission-critical channels'),
(220, 20, 'maximize distributed relationships'),
(221, 21, 'harness efficient initiatives'),
(222, 22, 'benchmark innovative methodologies'),
(223, 23, 'orchestrate innovative platforms'),
(224, 24, 'engage compelling models'),
(225, 25, 'cultivate next-generation infrastructures'),
(226, 26, 'enhance customized communities'),
(227, 27, 'iterate magnetic mindshare'),
(228, 28, 'optimize robust experiences'),
(229, 29, 'grow seamless web-readiness'),
(230, 30, 'strategize leading-edge synergies'),
(231, 31, 'incubate B2C metrics'),
(232, 32, 'extend synergistic ROI'),
(233, 33, 'disintermediate best-of-breed infrastructures'),
(234, 34, 'brand integrated initiatives'),
(235, 35, 'envisioneer vertical architectures'),
(236, 36, 'e-enable proactive channels'),
(237, 37, 'incubate turn-key applications'),
(238, 38, 'whiteboard visionary functionalities'),
(239, 39, 'syndicate 24/365 web-readiness'),
(240, 40, 'embrace cross-media e-services'),
(241, 41, 'evolve efficient architectures'),
(242, 42, 'incentivize magnetic architectures'),
(243, 43, 'enhance leading-edge applications'),
(244, 44, 'transform holistic models'),
(245, 45, 'incubate next-generation channels'),
(246, 46, 'reinvent seamless markets'),
(247, 47, 'aggregate viral metrics'),
(248, 48, 'extend proactive e-tailers'),
(249, 49, 'reinvent leading-edge models'),
(250, 50, 'reinvent frictionless metrics'),
(251, 51, 'whiteboard turn-key architectures'),
(252, 52, 'monetize dynamic channels'),
(253, 53, 'aggregate turn-key e-markets'),
(254, 54, 'productize sexy supply-chains'),
(255, 55, 'transform dynamic technologies'),
(256, 56, 'incubate bricks-and-clicks mindshare'),
(257, 57, 'iterate customized solutions'),
(258, 58, 'harness end-to-end architectures'),
(259, 59, 'embrace customized infomediaries'),
(260, 60, 'streamline open-source ROI'),
(261, 61, 'reinvent front-end mindshare'),
(262, 62, 'enhance world-class applications'),
(263, 63, 'harness collaborative systems'),
(264, 64, 'synergize one-to-one e-commerce'),
(265, 65, 'deploy rich technologies'),
(266, 66, 'transition out-of-the-box relationships'),
(267, 67, 'monetize bleeding-edge deliverables'),
(268, 68, 'e-enable frictionless communities'),
(269, 69, 'revolutionize transparent ROI'),
(270, 70, 'engineer best-of-breed interfaces'),
(271, 71, 'enhance dot-com supply-chains'),
(272, 72, 'morph value-added applications'),
(273, 73, 'embrace end-to-end metrics'),
(274, 74, 'orchestrate customized applications'),
(275, 75, 'whiteboard compelling e-markets'),
(276, 76, 'reintermediate collaborative models'),
(277, 77, 'whiteboard front-end web-readiness'),
(278, 78, 'exploit world-class schemas'),
(279, 79, 'incubate impactful users'),
(280, 80, 'optimize innovative experiences'),
(281, 81, 'e-enable 24/7 e-commerce'),
(282, 82, 'empower vertical e-markets'),
(283, 83, 'matrix distributed ROI'),
(284, 84, 'target integrated initiatives'),
(285, 85, 'architect granular markets'),
(286, 86, 'deliver seamless eyeballs'),
(287, 87, 'brand B2C platforms'),
(288, 88, 'repurpose plug-and-play e-commerce'),
(289, 89, 'envisioneer scalable markets'),
(290, 90, 'maximize granular e-tailers'),
(291, 91, 'enable dot-com mindshare'),
(292, 92, 'utilize rich channels'),
(293, 93, 'leverage B2B channels'),
(294, 94, 'reinvent out-of-the-box initiatives'),
(295, 95, 'brand wireless relationships'),
(296, 96, 'unleash plug-and-play action-items'),
(297, 97, 'strategize innovative partnerships'),
(298, 98, 'deliver plug-and-play communities'),
(299, 99, 'syndicate virtual functionalities'),
(300, 100, 'incubate sexy networks');

-- --------------------------------------------------------

--
-- Table structure for table `user`
--

CREATE TABLE `user` (
  `id` int(10) NOT NULL,
  `username` varchar(100) NOT NULL,
  `password` varchar(30) NOT NULL DEFAULT '1234',
  `name` varchar(255) NOT NULL,
  `phone_number` int(14) NOT NULL,
  `email` varchar(50) NOT NULL,
  `id_company` int(10) NOT NULL,
  `id_division` int(10) NOT NULL,
  `id_sub_division` int(10) NOT NULL,
  `id_position` int(10) NOT NULL,
  `date` datetime NOT NULL DEFAULT CURRENT_TIMESTAMP,
  `status` int(1) NOT NULL DEFAULT '1'
) ENGINE=InnoDB DEFAULT CHARSET=utf8;

--
-- Dumping data for table `user`
--

INSERT INTO `user` (`id`, `username`, `password`, `name`, `phone_number`, `email`, `id_company`, `id_division`, `id_sub_division`, `id_position`, `date`, `status`) VALUES
(101, 'jordan55', 'de', 'Miss Beaulah Hudson', 0, 'baylee16@example.net', 1, 1, 1, 1, '2002-11-09 01:35:33', 1),
(102, 'lcummings', 'ru', 'Katherine Kihn', 683, 'bhamill@example.org', 2, 2, 2, 2, '1981-09-30 22:14:47', 1),
(103, 'jermain55', 'de', 'Miss Odie Schuster', 752320, 'jedidiah.bruen@example.net', 3, 3, 3, 3, '2011-03-31 20:05:31', 1),
(104, 'zconn', 'es', 'Jalyn Weber', 1, 'muller.domenick@example.org', 4, 4, 4, 4, '1974-11-09 15:00:18', 1),
(106, 'bauch.percival', 'fr', 'Adrain Mraz PhD', 357, 'skunde@example.com', 6, 6, 6, 6, '1980-01-17 18:13:57', 1),
(107, 'maggio.myrl', 'es', 'Keenan Beahan', 648081, 'clangworth@example.com', 7, 7, 7, 7, '1995-09-26 20:11:20', 1),
(110, 'hoyt.mayer', 'pt', 'Trevor Ankunding', 2147483647, 'jakayla.kutch@example.com', 10, 10, 10, 10, '1987-11-30 17:03:40', 1),
(112, 'rogahn.johanna', 'es', 'Elody Mann', 836319, 'hand.brielle@example.com', 12, 12, 12, 2, '1995-08-25 13:39:56', 1),
(116, 'daniela67', 'en', 'Tyson Sawayn DDS', 733, 'kris.tom@example.com', 16, 16, 16, 6, '2001-09-07 19:23:24', 1),
(119, 'garret70', 'en', 'Isom Macejkovic V', 81485, 'micah84@example.com', 19, 19, 19, 9, '1974-10-13 17:52:55', 1),
(120, 'kaia.bernhard', 'pt', 'Prof. Rodrigo Auer V', 715056, 'augustus.o\'conner@example.net', 20, 20, 20, 10, '1988-05-04 01:51:51', 1),
(122, 'elva99', 'es', 'Prof. Nicholas Abbott II', 952586, 'leora56@example.com', 2, 22, 22, 2, '2015-06-24 00:14:09', 1),
(123, 'llittle', 'fr', 'Trystan Hamill', 22, 'rogahn.isaias@example.net', 3, 23, 23, 3, '1999-03-19 08:04:25', 1),
(127, 'bmetz', 'it', 'Noe Sporer', 675943, 'ygulgowski@example.com', 7, 27, 27, 7, '1986-10-01 04:32:08', 1),
(130, 'akrajcik', 'fr', 'Mrs. Marcelina Auer IV', 63, 'ernie45@example.com', 10, 30, 30, 10, '2011-12-08 22:32:20', 1),
(132, 'stiedemann.ernesto', 'it', 'Yasmeen Aufderhar', 977, 'dibbert.clyde@example.net', 12, 32, 32, 2, '1996-01-07 07:56:12', 1),
(133, 'wharber', 'ru', 'Donnell Kulas', 169730, 'donnie.stracke@example.net', 13, 33, 33, 3, '1982-07-04 15:06:15', 1),
(135, 'franco.doyle', 'fr', 'Leopold O\'Reilly', 527489, 'bmuller@example.org', 15, 35, 35, 5, '1971-04-04 02:24:17', 1),
(136, 'laurel.zemlak', 'pt', 'Miss Naomie Sawayn II', 986, 'legros.claudie@example.com', 16, 36, 36, 6, '2012-10-05 04:38:07', 1),
(138, 'akemmer', 'pt', 'Madelynn Oberbrunner', 49047, 'everardo.harber@example.org', 18, 38, 38, 8, '1979-01-13 16:02:19', 1),
(139, 'dietrich.chelsea', 'it', 'Gunnar Mante', 260, 'yemmerich@example.com', 19, 39, 39, 9, '1973-01-11 01:49:48', 1),
(140, 'monserrat44', 'pt', 'Rudy Hoppe', 173, 'raymond.schiller@example.com', 20, 40, 40, 10, '1995-10-22 06:54:23', 1),
(145, 'aheathcote', 'es', 'Reymundo Emard', 54, 'bheller@example.net', 5, 45, 45, 5, '2013-05-16 20:06:13', 1),
(150, 'rosella.hessel', 'en', 'Filomena Carroll V', 804, 'ortiz.evert@example.com', 10, 50, 50, 10, '1971-10-18 18:44:24', 1),
(151, 'catalina80', 'fr', 'Izaiah Schmitt', 585567, 'jwolff@example.net', 11, 51, 51, 1, '1988-02-18 12:20:19', 1),
(154, 'melany.shanahan', 'cn', 'Ms. Taryn Bogan', 962166, 'sauer@example.net', 14, 54, 54, 4, '1975-08-17 22:02:20', 0),
(155, 'gutkowski.ricky', 'ru', 'Prof. Cameron Harber', 465307, 'shanelle17@example.com', 15, 55, 55, 5, '1992-05-05 08:51:02', 0),
(156, 'yshanahan', 'en', 'Hassan Bednar', 53020, 'delores15@example.net', 16, 56, 56, 6, '1994-10-05 19:13:50', 0),
(157, 'briana59', 'fr', 'Malachi Gulgowski', 227, 'ojakubowski@example.org', 17, 57, 57, 7, '1988-12-24 01:30:00', 0),
(162, 'westley.doyle', 'it', 'Barry Kerluke', 574, 'watson89@example.net', 2, 62, 62, 2, '1989-06-16 03:56:18', 0),
(163, 'lexus.fahey', 'cn', 'Chanel Schumm', 93, 'frutherford@example.com', 3, 63, 63, 3, '1979-01-30 00:09:24', 0),
(165, 'lavina58', 'cn', 'Dr. Polly Lemke Jr.', 15, 'marc08@example.com', 5, 65, 65, 5, '1991-06-25 20:58:40', 0),
(166, 'marianna68', 'pt', 'Garfield Waters', 930273, 'vnader@example.com', 6, 66, 66, 6, '2016-07-04 11:59:20', 0),
(167, 'hilda.wiegand', 'fr', 'Cory Smitham', 398, 'qpfeffer@example.org', 7, 67, 67, 7, '1972-09-14 21:42:30', 0),
(168, 'ikessler', 'it', 'Vicenta Armstrong', 65, 'ignacio52@example.com', 8, 68, 68, 8, '1976-10-20 01:45:22', 0),
(170, 'douglas.nannie', 'fr', 'Jazmyn Mertz DDS', 502429, 'malika.conroy@example.org', 10, 70, 70, 10, '2011-02-03 01:37:29', 0),
(172, 'rhermann', 'ru', 'Dr. Koby Dooley DVM', 638711, 'lexi79@example.com', 12, 72, 72, 2, '2014-11-24 08:13:25', 0),
(174, 'modesto.murray', 'ru', 'Prof. Casimer Anderson', 750089, 'kuvalis.woodrow@example.net', 14, 74, 74, 4, '1974-11-18 00:17:51', 0),
(175, 'andreane.turner', 'ru', 'Marquis Nader III', 427898, 'xkoch@example.org', 15, 75, 75, 5, '2009-03-17 16:14:02', 0),
(176, 'marie.kihn', 'it', 'Meda Von', 327037, 'aurore14@example.org', 16, 76, 76, 6, '2004-04-18 17:01:53', 0),
(179, 'klein.noemy', 'ru', 'Bernadine Rutherford Jr.', 880, 'monserrat.padberg@example.com', 19, 79, 79, 9, '2001-10-15 02:29:11', 0),
(181, 'hstoltenberg', 'fr', 'Rollin Schowalter', 48849, 'adrianna.becker@example.org', 1, 81, 81, 1, '1972-09-15 09:34:23', 0),
(185, 'ko\'hara', 'en', 'Adolphus Stark', 969331, 'brice08@example.com', 5, 85, 85, 5, '2012-05-20 02:48:04', 0),
(186, 'tristin.kuvalis', 'it', 'Milton Maggio', 169, 'corkery.percy@example.com', 6, 86, 86, 6, '2004-04-25 11:45:13', 0),
(189, 'guadalupe54', 'pt', 'Amya Welch I', 560409588, 'abner94@example.org', 9, 89, 89, 9, '2004-03-26 19:43:44', 0),
(190, 'friesen.tre', 'en', 'Katelyn Senger', 199710, 'etha.sanford@example.com', 10, 90, 90, 10, '2015-06-01 15:47:38', 0),
(192, 'elwyn.batz', 'fr', 'Lyla Morissette V', 989, 'jabari.pollich@example.com', 12, 92, 92, 2, '1974-10-26 17:16:02', 0),
(193, 'conn.elias', 'en', 'Alanna Sawayn', 673062, 'imcclure@example.net', 13, 93, 93, 3, '1973-08-05 14:02:21', 0),
(194, 'vergie52', 'fr', 'Syble Anderson DDS', 50, 'drolfson@example.com', 14, 94, 94, 4, '2019-01-31 03:58:18', 0),
(197, 'julian12', 'de', 'Sigmund Rosenbaum III', 983472, 'edyth96@example.com', 17, 97, 97, 7, '2017-07-04 03:45:12', 0),
(198, 'cristobal.yundt', 'es', 'Justyn Waelchi', 460, 'blanca82@example.com', 18, 98, 98, 8, '1995-06-17 09:41:56', 1),
(200, 'ferry.libbie', 'ru', 'Mr. John Kiehn Jr.', 105, 'breitenberg.sandra@example.net', 20, 100, 100, 10, '1988-01-23 02:08:23', 1),
(306, 'mariela65', 'es', 'Rico Wolf', 77, 'cswift@example.net', 6, 6, 106, 6, '2011-01-15 07:42:02', 1),
(307, 'simonis.emma', 'fr', 'Bertrand Langosh', 665, 'cesar.gleichner@example.net', 7, 7, 107, 7, '2018-06-26 08:57:09', 1),
(308, 'doyle.noble', 'it', 'Loyal Jacobi Jr.', 270357, 'harry.weimann@example.net', 8, 8, 108, 8, '1989-01-30 08:01:36', 1),
(309, 'josefa64', 'de', 'Sunny Emard', 863263, 'qwolff@example.net', 9, 9, 109, 9, '2014-04-27 07:06:43', 1),
(311, 'nannie48', 'ru', 'Brian Trantow', 802711, 'dee62@example.com', 11, 11, 111, 1, '1974-12-05 16:01:10', 1),
(312, 'senger.miles', 'de', 'Warren Frami', 180, 'rick.cruickshank@example.net', 12, 12, 112, 2, '1980-10-20 22:43:36', 1),
(315, 'lucio.tromp', 'ru', 'Ms. Mylene Orn', 815457, 'cleve.kihn@example.org', 15, 15, 115, 5, '1989-06-24 11:43:50', 1),
(318, 'dena04', 'cn', 'Sarina McKenzie', 868297, 'myles.ankunding@example.com', 18, 18, 118, 8, '1970-02-02 21:28:41', 1),
(322, 'vd\'amore', 'es', 'Derek Reichel', 121316, 'lesly.fay@example.com', 2, 22, 122, 2, '1970-01-03 15:54:30', 1),
(323, 'qbaumbach', 'pt', 'Ms. Kitty Pacocha', 775266, 'friesen.leonie@example.com', 3, 23, 123, 3, '1995-09-03 01:29:02', 1),
(325, 'zblick', 'fr', 'Santiago Lesch', 905292, 'predovic.dee@example.net', 5, 25, 125, 5, '1984-03-09 15:59:09', 1),
(326, 'julian27', 'es', 'Edwin Jaskolski', 84, 'valentine57@example.com', 6, 26, 126, 6, '2006-02-23 00:17:25', 1),
(328, 'rahsaan77', 'fr', 'Ms. Carli Considine', 11, 'mlangworth@example.org', 8, 28, 128, 8, '1982-07-02 14:50:03', 1),
(329, 'kariane32', 'ru', 'Bettie Halvorson', 44116, 'fbruen@example.net', 9, 29, 129, 9, '1997-09-11 21:36:37', 1),
(330, 'sean.dubuque', 'en', 'Prof. Henderson Mills PhD', 343909, 'scotty71@example.com', 10, 30, 130, 10, '1992-01-29 21:38:55', 1),
(334, 'jaden.prohaska', 'fr', 'Mr. Alfonzo Boehm', 721, 'odell.olson@example.net', 14, 34, 134, 4, '1975-02-20 15:35:25', 1),
(335, 'berniece.barrows', 'it', 'Brandon Toy', 484100, 'towne.estell@example.com', 15, 35, 135, 5, '1999-09-22 23:50:49', 1),
(336, 'bgoldner', 'ru', 'Cassandra Fahey', 12610, 'osanford@example.org', 16, 36, 136, 6, '1985-10-26 15:43:12', 1),
(338, 'claudia03', 'ru', 'Prof. Immanuel Homenick', 56793, 'shanna.johnston@example.net', 18, 38, 138, 8, '1980-03-01 15:28:37', 1),
(339, 'lexus26', 'it', 'Arielle Emard IV', 1128041833, 'watsica.otis@example.org', 19, 39, 139, 9, '2002-05-12 09:34:33', 1),
(341, 'jspinka', 'ru', 'Gisselle Lakin', 311367, 'gunner09@example.net', 1, 41, 141, 1, '2004-07-21 11:59:46', 1),
(343, 'ophelia.feeney', 'cn', 'Otto McGlynn II', 1782699713, 'camron.gleichner@example.net', 3, 43, 143, 3, '2013-02-15 01:16:31', 1),
(348, 'heidenreich.alivia', 'de', 'Alford Bednar', 17, 'kuhic.brendon@example.org', 8, 48, 148, 8, '1980-09-30 04:23:28', 1),
(350, 'wmclaughlin', 'en', 'Jodie Dach', 394585, 'bailey.shaniya@example.org', 10, 50, 150, 10, '1976-04-08 23:12:40', 1),
(351, 'ernestina95', 'cn', 'Hershel Johnston', 780, 'bkiehn@example.net', 11, 51, 151, 1, '1991-07-09 12:43:39', 1),
(355, 'mante.nicholaus', 'cn', 'Oscar Lehner', 1250701203, 'nia.friesen@example.com', 15, 55, 155, 5, '1983-12-15 01:26:49', 1),
(356, 'zion03', 'fr', 'Bruce O\'Hara', 254, 'torey.wolf@example.org', 16, 56, 156, 6, '1977-01-23 06:57:56', 1),
(357, 'trempel', 'de', 'Miss Chelsea Champlin', 253889, 'tiana.lang@example.com', 17, 57, 157, 7, '2003-03-26 16:51:21', 1),
(359, 'axel.gusikowski', 'de', 'Edgar Wunsch', 106, 'kunde.brock@example.net', 19, 59, 159, 9, '2007-05-19 07:55:59', 1),
(360, 'zbradtke', 'fr', 'Ms. Malika Jakubowski I', 90, 'ashly.abernathy@example.net', 20, 60, 160, 10, '2001-04-27 19:13:31', 1),
(364, 'gkuhlman', 'ru', 'Denis Torphy DVM', 529841, 'sofia40@example.org', 4, 64, 164, 4, '2010-09-07 06:49:03', 1),
(365, 'idella63', 'fr', 'Dr. Harmon Krajcik PhD', 91139, 'ziemann.jamaal@example.com', 5, 65, 165, 5, '1993-12-30 06:09:33', 1),
(366, 'fmayer', 'cn', 'Alexie Koelpin IV', 345, 'karianne78@example.org', 6, 66, 166, 6, '2012-06-27 05:14:07', 1),
(367, 'violet29', 'fr', 'Jabari McGlynn', 245, 'reinhold21@example.org', 7, 67, 167, 7, '1986-11-17 21:48:30', 1),
(375, 'rhyatt', 'de', 'Micheal Lynch', 886059, 'ukunde@example.com', 15, 75, 175, 5, '1978-04-25 18:43:08', 1),
(376, 'christiansen.montana', 'ru', 'Myra Harvey', 931, 'xsawayn@example.net', 16, 76, 176, 6, '2016-01-14 09:59:20', 1),
(377, 'vvon', 'pt', 'Leland Goyette', 934868, 'catalina.frami@example.org', 17, 77, 177, 7, '1982-02-07 10:28:09', 1),
(381, 'ewald00', 'es', 'Gideon Little', 20809, 'carmen.barton@example.com', 1, 81, 181, 1, '1983-09-17 12:32:26', 1),
(386, 'nlehner', 'es', 'Caitlyn Shanahan', 24, 'cloyd10@example.com', 6, 86, 186, 6, '1981-03-28 16:50:55', 1),
(387, 'giles52', 'ru', 'Prof. Gregg Hudson III', 488, 'daphne.schmeler@example.com', 7, 87, 187, 7, '1970-05-18 09:42:56', 1),
(388, 'kattie78', 'es', 'Josephine Swift', 132599, 'rframi@example.org', 8, 88, 188, 8, '1970-04-14 10:44:14', 1),
(392, 'ctorp', 'de', 'Miss Hailee Wiegand', 44, 'brooke.kreiger@example.com', 12, 92, 192, 2, '1987-02-15 16:09:47', 1),
(393, 'kfritsch', 'cn', 'Mrs. Nelda Fisher', 537134, 'vpurdy@example.com', 13, 93, 193, 3, '1990-01-24 09:12:52', 1),
(394, 'torphy.marcelina', 'en', 'Laura Koelpin', 12, 'rlindgren@example.org', 14, 94, 194, 4, '1980-06-12 14:39:05', 1),
(396, 'psanford', 'it', 'Reese Bogisich', 777576, 'abe97@example.com', 16, 96, 196, 6, '1988-01-24 06:21:54', 1),
(397, 'christy53', 'fr', 'Matilda Jones', 549258, 'pjaskolski@example.org', 17, 97, 197, 7, '1987-12-31 22:36:08', 1),
(398, 'rwalter', 'ru', 'Alexane Dickinson PhD', 1647702143, 'gorczany.raleigh@example.net', 18, 98, 198, 8, '2005-12-25 02:56:28', 1),
(399, 'hspencer', 'fr', 'Brenna Schiller DDS', 1379865483, 'hansen.roberta@example.com', 19, 99, 199, 9, '1971-01-15 17:10:47', 1),
(400, 'ayana54', 'es', 'Francesco Nicolas', 20, 'demarco04@example.net', 20, 100, 200, 10, '1984-09-14 16:23:01', 1),
(503, 'parker.ortiz', 'pt', 'Johanna Hilpert', 366, 'shakira.borer@example.org', 3, 3, 203, 3, '2005-02-21 00:06:46', 1),
(504, 'paolo.kohler', 'ru', 'Dr. Newell Hansen', 842, 'bosco.wendy@example.net', 4, 4, 204, 4, '1975-01-28 16:38:36', 1),
(508, 'loyal.parker', 'pt', 'Thomas Shanahan III', 446124, 'pstrosin@example.org', 8, 8, 208, 8, '1999-11-06 09:13:16', 1),
(509, 'keeling.johanna', 'pt', 'Delphia Waters MD', 73, 'rhiannon.kris@example.net', 9, 9, 209, 9, '1990-01-15 16:56:59', 1),
(511, 'runolfsson.verna', 'ru', 'Kattie Hessel IV', 817713, 'blaise.reichert@example.org', 11, 11, 211, 1, '1979-06-27 21:54:09', 1),
(512, 'peggie22', 'it', 'Addison Hilpert', 908645, 'zachery.franecki@example.net', 12, 12, 212, 2, '1976-02-24 14:09:29', 1),
(522, 'malika70', 'es', 'Emiliano Cartwright', 564963, 'madonna.moore@example.com', 2, 22, 222, 2, '2013-02-17 20:40:23', 1),
(525, 'litzy.price', 'pt', 'Nina Huel', 27835, 'katarina.weber@example.net', 5, 25, 225, 5, '2014-11-13 05:33:13', 1),
(531, 'dorthy90', 'ru', 'Brianne Frami V', 330, 'tracey77@example.net', 11, 31, 231, 1, '1987-11-19 14:31:46', 1),
(533, 'gkuhlman', 'de', 'Viviane Lubowitz', 223270, 'eichmann.vincenzo@example.net', 13, 33, 233, 3, '2013-10-11 06:27:36', 1),
(537, 'pearline96', 'es', 'Francisco Marks', 457537, 'jannie17@example.net', 17, 37, 237, 7, '1972-04-17 20:43:16', 1),
(538, 'leffler.kaelyn', 'pt', 'Cristopher Green', 90760, 'merlin70@example.net', 18, 38, 238, 8, '2004-12-28 03:12:40', 1),
(541, 'parisian.osvaldo', 'fr', 'Erling Aufderhar', 754, 'gus.ritchie@example.org', 1, 41, 241, 1, '1995-11-19 19:40:22', 1),
(542, 'carolanne47', 'cn', 'Kayden Treutel', 884, 'linda.kuhn@example.org', 2, 42, 242, 2, '2010-03-30 13:10:48', 1),
(545, 'qsanford', 'it', 'Dion Kris V', 62, 'abe.turner@example.net', 5, 45, 245, 5, '1971-07-20 00:58:00', 1),
(546, 'marguerite.konopelski', 'de', 'Ilene Schroeder', 315452, 'alison75@example.net', 6, 46, 246, 6, '2009-05-20 13:46:38', 1),
(547, 'mitchell.rachel', 'ru', 'Domenico Hayes PhD', 95881, 'fratke@example.com', 7, 47, 247, 7, '2011-12-17 15:29:48', 1),
(548, 'wisoky.estrella', 'cn', 'Ms. Mathilde Bins', 520, 'jkemmer@example.net', 8, 48, 248, 8, '1975-09-09 13:00:17', 1),
(554, 'brett90', 'it', 'Timmothy Lesch', 511, 'america.carter@example.net', 14, 54, 254, 4, '2012-06-14 08:45:26', 1),
(555, 'qadams', 'it', 'Lafayette Huels', 290458, 'lrice@example.org', 15, 55, 255, 5, '1971-12-11 04:30:15', 1),
(556, 'helga.dach', 'es', 'Ernestina Rempel', 592, 'mitchell29@example.org', 16, 56, 256, 6, '1973-11-08 11:02:12', 1),
(557, 'ines.reinger', 'pt', 'Prof. Mallory Homenick', 53, 'iryan@example.org', 17, 57, 257, 7, '1977-11-07 21:44:40', 1),
(559, 'wilfredo07', 'en', 'Orville Bogan', 31385, 'dbauch@example.com', 19, 59, 259, 9, '1979-01-13 16:21:30', 1),
(560, 'ima.barrows', 'de', 'Mr. Jeramie Hirthe III', 56313, 'wiegand.marilie@example.com', 20, 60, 260, 10, '1988-05-25 20:19:16', 1),
(563, 'columbus29', 'pt', 'Verlie Barton', 529280, 'wintheiser.tyrique@example.net', 3, 63, 263, 3, '1999-06-30 12:40:14', 1),
(566, 'peffertz', 'es', 'Ms. Beryl Jaskolski', 275463796, 'gutkowski.orpha@example.net', 6, 66, 266, 6, '2010-01-26 23:03:42', 1),
(571, 'syble.shanahan', 'en', 'Aylin Nolan', 893, 'hquigley@example.com', 11, 71, 271, 1, '1991-10-20 15:34:56', 1),
(572, 'rosenbaum.sarah', 'es', 'Delaney Gulgowski', 81, 'ronaldo40@example.org', 12, 72, 272, 2, '1987-03-21 07:58:24', 1),
(573, 'vtromp', 'it', 'Winston Gibson', 548129, 'hermiston.maida@example.com', 13, 73, 273, 3, '2010-09-15 04:32:36', 1),
(574, 'clarson', 'ru', 'Ms. Maudie Prohaska', 940, 'bednar.jordan@example.net', 14, 74, 274, 4, '1984-09-29 22:49:43', 1),
(575, 'shany.anderson', 'it', 'Miss Tiana Okuneva', 391, 'cglover@example.net', 15, 75, 275, 5, '1998-09-13 02:27:39', 1),
(577, 'jaylon.cormier', 'pt', 'Warren Klein', 924837, 'briana86@example.com', 17, 77, 277, 7, '1971-01-18 19:57:33', 1),
(580, 'fjohnson', 'cn', 'Kale Carter', 689, 'qjast@example.org', 20, 80, 280, 10, '2009-11-21 22:30:31', 1),
(582, 'amalia.pollich', 'it', 'Nikko Windler', 670, 'macey.vonrueden@example.net', 2, 82, 282, 2, '2002-11-25 14:52:56', 1),
(583, 'lisa72', 'it', 'Prof. Kale Stoltenberg', 992, 'bartell.mallie@example.net', 3, 83, 283, 3, '1984-04-22 03:19:35', 1),
(584, 'norwood.larson', 'cn', 'Mr. Allen Von III', 674, 'hillard06@example.com', 4, 84, 284, 4, '1979-11-03 19:21:36', 1),
(587, 'po\'reilly', 'fr', 'Scot Berge', 374379, 'cayla49@example.org', 7, 87, 287, 7, '2017-01-01 02:46:24', 1),
(592, 'bschumm', 'ru', 'Ms. Kylee Streich', 637, 'wilton46@example.com', 12, 92, 292, 2, '1991-08-28 11:14:53', 1),
(594, 'bdibbert', 'ru', 'Bernardo Rippin III', 7, 'cbednar@example.com', 14, 94, 294, 4, '2001-02-04 01:35:25', 1),
(596, 'uupton', 'it', 'Hollie Parker', 221, 'liana.padberg@example.com', 16, 96, 296, 6, '1987-05-15 05:54:00', 1),
(597, 'breilly', 'de', 'Dr. Bartholome Bernier PhD', 206573, 'kris.davon@example.org', 17, 97, 297, 7, '2015-10-12 10:38:32', 1),
(598, 'romaine12', 'en', 'Tracey Schaefer', 588246, 'jammie.hettinger@example.org', 18, 98, 298, 8, '1983-08-01 01:53:47', 1),
(705, 'shemar28', 'cn', 'Jordon Lesch', 1213203197, 'johnathon62@example.com', 5, 5, 5, 5, '1990-11-13 06:32:55', 1),
(708, 'adams.horace', 'ru', 'Cameron Schmitt', 14, 'murray.lloyd@example.com', 8, 8, 8, 8, '2009-11-26 13:25:55', 1),
(712, 'michale55', 'ru', 'Russell McLaughlin V', 970882, 'haley.sabrina@example.net', 12, 12, 12, 2, '1984-08-31 12:55:04', 1),
(713, 'nicolette.gleason', 'ru', 'Baron Quigley', 638, 'ashlee.erdman@example.org', 13, 13, 13, 3, '1986-07-23 06:42:33', 1),
(721, 'chyna.yost', 'fr', 'Miss Yesenia Schneider I', 83, 'scotty.runte@example.com', 1, 21, 21, 1, '1973-06-02 23:37:48', 1),
(722, 'irma.zulauf', 'de', 'June Carroll', 16, 'koepp.joel@example.com', 2, 22, 22, 2, '2012-12-14 20:31:54', 1),
(723, 'rau.dewayne', 'it', 'Angelina Smith', 811, 'ebba.purdy@example.net', 3, 23, 23, 3, '2007-04-07 04:44:50', 1),
(725, 'qmertz', 'fr', 'Lelah Keebler DDS', 958, 'eugene.mosciski@example.com', 5, 25, 25, 5, '2010-11-24 00:28:39', 1),
(729, 'ndare', 'en', 'Sigurd Oberbrunner V', 169344, 'providenci.walter@example.com', 9, 29, 29, 9, '1989-11-16 08:12:18', 1),
(731, 'pedro48', 'pt', 'Wilfredo Watsica', 465671, 'o\'reilly.may@example.com', 11, 31, 31, 1, '1977-10-23 13:45:30', 1),
(733, 'jackson.kovacek', 'it', 'Prof. Pamela Johnson', 142, 'selena62@example.net', 13, 33, 33, 3, '1995-03-17 08:08:54', 1),
(734, 'troberts', 'es', 'Mr. Edd Hagenes', 92, 'wmayert@example.net', 14, 34, 34, 4, '1988-07-07 11:05:58', 1),
(737, 'mayert.deondre', 'pt', 'Ayla Hammes', 453, 'lframi@example.org', 17, 37, 37, 7, '1979-04-25 09:14:26', 1),
(740, 'jerel.boehm', 'pt', 'Mr. Jamil Stracke IV', 580, 'kirlin.nona@example.org', 20, 40, 40, 10, '1985-07-25 13:11:32', 1),
(742, 'reina.welch', 'fr', 'Yasmine Schroeder III', 580184, 'hudson.addison@example.org', 2, 42, 42, 2, '1985-01-28 22:22:49', 1),
(744, 'carlee67', 'en', 'Keanu Gutmann', 420, 'emmanuelle.gleichner@example.net', 4, 44, 44, 4, '1989-08-22 01:54:09', 1),
(746, 'vida09', 'it', 'Zachery McLaughlin', 49, 'ortiz.elisha@example.org', 6, 46, 46, 6, '1996-01-13 09:53:27', 1),
(747, 'kbrakus', 'fr', 'Marcelino Becker', 356, 'delpha10@example.org', 7, 47, 47, 7, '1978-05-22 23:46:29', 1),
(749, 'leannon.lou', 'it', 'Raphaelle McCullough', 319, 'mayert.andreane@example.org', 9, 49, 49, 9, '2014-03-17 13:41:53', 1),
(750, 'alanna.renner', 'fr', 'Tyrel Morissette', 87242, 'lilian.berge@example.org', 10, 50, 50, 10, '2017-12-15 08:19:27', 1),
(751, 'jo\'reilly', 'fr', 'Addison Boehm', 529509, 'homenick.jermey@example.com', 11, 51, 51, 1, '2004-07-29 09:23:36', 1),
(753, 'herman.hayley', 'fr', 'Brett Bartell', 479, 'osinski.markus@example.org', 13, 53, 53, 3, '1994-02-11 21:30:58', 1),
(755, 'tpadberg', 'de', 'Prof. Vita Haag PhD', 986752, 'gulgowski.danial@example.org', 15, 55, 55, 5, '1998-08-17 21:50:48', 1),
(756, 'abbey51', 'en', 'Mrs. Cleora Ortiz Sr.', 975, 'zechariah35@example.net', 16, 56, 56, 6, '1989-05-11 13:44:28', 1),
(757, 'cstanton', 'es', 'Shawna Crona MD', 724229, 'ashlynn.johns@example.org', 17, 57, 57, 7, '1988-03-24 09:19:34', 1),
(759, 'waldo.white', 'fr', 'Eleanora Lehner', 394, 'christine96@example.org', 19, 59, 59, 9, '1998-12-12 19:51:47', 1),
(760, 'wyman.lowe', 'ru', 'Prof. Therese Prohaska', 846047, 'wuckert.viva@example.net', 20, 60, 60, 10, '1996-08-22 08:21:28', 1),
(761, 'shanon.hane', 'cn', 'Mrs. Alexane Roob III', 723901, 'laney.schneider@example.com', 1, 61, 61, 1, '1971-12-24 02:56:10', 1),
(763, 'orion.tillman', 'cn', 'Arnaldo Simonis', 379, 'adam27@example.org', 3, 63, 63, 3, '1984-03-05 04:27:23', 1),
(766, 'amosciski', 'de', 'Dr. Ernesto Kuhn IV', 578, 'bauch.retha@example.org', 6, 66, 66, 6, '1986-10-28 05:58:07', 1),
(771, 'ophelia.kertzmann', 'fr', 'Mrs. Gwendolyn Hamill IV', 877492, 'lennie36@example.org', 11, 71, 71, 1, '1973-07-11 06:02:03', 1),
(773, 'torp.leslie', 'ru', 'Ms. Laisha Howe III', 834547, 'hermiston.myrna@example.com', 13, 73, 73, 3, '2001-02-09 02:12:44', 1),
(775, 'sylvester39', 'ru', 'Mariano Carroll', 76, 'alessia58@example.net', 15, 75, 75, 5, '2016-10-11 07:54:00', 1),
(776, 'beer.mohamed', 'de', 'Vanessa Batz Sr.', 861, 'qpurdy@example.net', 16, 76, 76, 6, '2013-05-23 22:43:06', 1),
(777, 'obode', 'de', 'Prof. Torrey Reichert DDS', 833017, 'ken.runolfsdottir@example.org', 17, 77, 77, 7, '1970-06-16 18:48:40', 1),
(778, 'igrimes', 'de', 'Oral Davis IV', 819051, 'kattie.donnelly@example.org', 18, 78, 78, 8, '1990-01-04 23:32:54', 1),
(781, 'ulind', 'en', 'Prof. Assunta Ebert', 29093193, 'ethelyn97@example.net', 1, 81, 81, 1, '2015-04-15 14:47:06', 1),
(782, 'greenfelder.cornelius', 'pt', 'Rebecca Gaylord', 789, 'gabe.spencer@example.com', 2, 82, 82, 2, '1975-12-04 04:14:57', 1),
(786, 'trinity36', 'pt', 'Alanis Boyer', 213, 'kswift@example.net', 6, 86, 86, 6, '1995-01-16 18:21:05', 1),
(787, 'bert87', 'it', 'Aiyana Hickle', 987, 'bridie.stroman@example.org', 7, 87, 87, 7, '1999-09-07 21:51:17', 1),
(791, 'obeer', 'ru', 'Prof. Hope Thiel', 87, 'schowalter.joshua@example.com', 11, 91, 91, 1, '1973-07-06 15:42:47', 1),
(792, 'reynold.weber', 'ru', 'Allison Marvin', 47, 'ekoch@example.org', 12, 92, 92, 2, '1983-04-25 22:53:31', 1),
(901, 'melvina.cassin', 'cn', 'Dr. August Olson Jr.', 1627702181, 'gorczany.dorris@example.net', 1, 1, 101, 1, '2003-05-17 18:00:11', 1),
(905, 'vluettgen', 'es', 'Jerrold Dooley', 736319, 'ndubuque@example.org', 5, 5, 105, 5, '1977-10-04 20:33:20', 1),
(906, 'imogene27', 'fr', 'Aletha McGlynn', 775, 'chyna00@example.com', 6, 6, 106, 6, '2017-07-08 15:42:15', 1),
(907, 'vmonahan', 'it', 'Joyce Dibbert', 811359687, 'davion51@example.com', 7, 7, 107, 7, '2016-11-18 17:18:08', 1),
(909, 'nader.cara', 'pt', 'Jessyca Welch', 39, 'nicolette.jones@example.com', 9, 9, 109, 9, '2018-01-21 09:09:26', 1),
(910, 'amiya80', 'pt', 'Marjorie Smitham', 386945, 'feest.bobby@example.com', 10, 10, 110, 10, '1991-08-29 04:11:35', 1),
(923, 'wturcotte', 'pt', 'Prof. Carissa Beier I', 647443, 'demetris51@example.com', 3, 23, 123, 3, '1993-02-08 11:05:45', 1),
(924, 'dmayer', 'de', 'Deonte Daugherty', 202897, 'lehner.loma@example.org', 4, 24, 124, 4, '1986-09-26 21:30:53', 1),
(926, 'oceane.robel', 'it', 'Adolphus Morissette', 259440, 'jarrett67@example.org', 6, 26, 126, 6, '1982-08-08 01:31:41', 1),
(928, 'una36', 'fr', 'Miss Nora Hoppe', 684, 'dmclaughlin@example.com', 8, 28, 128, 8, '1985-09-24 01:58:00', 1),
(929, 'kale.wiza', 'pt', 'Walter Hilpert', 642984, 'gleason.kayli@example.net', 9, 29, 129, 9, '1991-02-21 16:28:54', 1),
(934, 'kmann', 'it', 'Janae Leannon', 978, 'bergnaum.hadley@example.com', 14, 34, 134, 4, '1995-01-11 20:11:02', 1),
(942, 'mariano.feest', 'en', 'Jon Bernier I', 404, 'mann.chad@example.org', 2, 42, 142, 2, '1999-05-27 15:40:45', 1),
(943, 'rhoda.koepp', 'es', 'Dr. Nadia Bednar', 461, 'klowe@example.com', 3, 43, 143, 3, '1997-04-23 14:01:57', 1),
(944, 'qledner', 'es', 'Prof. Maudie Schaden', 362753, 'dario31@example.com', 4, 44, 144, 4, '2017-12-19 19:07:09', 1),
(945, 'jonathon.lehner', 'cn', 'Luz Streich', 548, 'nona05@example.net', 5, 45, 145, 5, '2008-09-08 14:17:55', 1),
(946, 'isadore.thompson', 'pt', 'Blanca Morar', 674635, 'rubye.ruecker@example.org', 6, 46, 146, 6, '1982-10-27 21:45:14', 0),
(947, 'micah19', 'de', 'Mr. Torey Rath DDS', 673852, 'schmidt.elias@example.com', 7, 47, 147, 7, '2009-06-07 17:23:45', 0),
(951, 'sherwood.king', 'en', 'Rodger Bashirian', 99, 'weimann.dewitt@example.org', 11, 51, 151, 1, '1974-01-06 11:47:16', 1),
(956, 'herman.antonia', 'pt', 'Alba Haley', 516026, 'mtillman@example.org', 16, 56, 156, 6, '1995-02-19 17:32:44', 0),
(957, 'guiseppe60', 'fr', 'Jalyn Emard', 340, 'rpadberg@example.net', 17, 57, 157, 7, '1980-04-15 15:31:34', 1),
(959, 'gilberto47', 'cn', 'Rosalee Dickinson', 725460, 'darmstrong@example.net', 19, 59, 159, 9, '1983-03-17 23:44:33', 0),
(962, 'ola.stracke', 'en', 'Darion Glover', 56, 'myrtie30@example.net', 2, 62, 162, 2, '1983-05-10 05:08:21', 0),
(964, 'sdietrich', 'de', 'Ms. Alia Hand DVM', 891, 'ernser.jordane@example.com', 4, 64, 164, 4, '2012-12-07 05:19:09', 1),
(968, 'lhegmann', 'ru', 'Prof. Tyreek Ankunding PhD', 472912, 'kale29@example.com', 8, 68, 168, 8, '2011-03-21 02:55:05', 0),
(971, 'kelsi87', 'en', 'Mrs. Nakia Trantow', 803927, 'jonas.waters@example.org', 11, 71, 171, 1, '1987-09-20 18:55:52', 0),
(973, 'irving29', 'it', 'Kacie Lubowitz Jr.', 30446, 'matilde61@example.net', 13, 73, 173, 3, '2007-04-29 03:35:08', 1),
(975, 'nklocko', 'de', 'Shania Shields Jr.', 267, 'seth71@example.net', 15, 75, 175, 5, '1999-06-30 21:40:14', 1),
(978, 'hodkiewicz.sadie', 'cn', 'Mr. Herman Hegmann V', 2008201638, 'eschuppe@example.org', 18, 78, 178, 8, '2009-05-22 07:34:39', 0),
(979, 'valentine34', 'de', 'Prof. Dorothy Tillman', 32, 'wyman.emmerich@example.com', 19, 79, 179, 9, '1991-02-15 06:37:19', 1),
(983, 'brianne.flatley', 'cn', 'Alek O\'Keefe', 960038, 'mcglynn.skye@example.com', 3, 83, 183, 3, '1988-03-27 18:47:24', 0),
(984, 'apfannerstill', 'ru', 'Robbie Huel', 181327, 'howell88@example.com', 4, 84, 184, 4, '2011-03-07 07:52:28', 0),
(985, 'leuschke.ian', 'fr', 'Prof. Larry Schoen', 553712543, 'francisco.bashirian@example.org', 5, 85, 185, 5, '1992-03-19 10:05:04', 1),
(986, 'jkemmer', 'pt', 'Lourdes Krajcik', 572, 'alysson53@example.org', 6, 86, 186, 6, '1976-07-16 02:06:42', 0),
(987, 'lhomenick', 'en', 'Dr. Justus Schmidt', 487, 'jayce.carroll@example.net', 7, 87, 187, 7, '2015-12-21 20:42:33', 1),
(989, 'ygleason', 'de', 'Dedrick Toy', 481089, 'maxie.kertzmann@example.net', 9, 89, 189, 9, '1970-03-10 11:00:36', 0),
(991, 'vilma51', 'es', 'Gabriella Kirlin', 643687, 'xsatterfield@example.com', 11, 91, 191, 1, '2009-06-07 01:44:13', 1),
(992, 'cjerde', 'de', 'Macy Smitham', 43, 'goodwin.ollie@example.org', 12, 92, 192, 2, '2017-12-29 10:54:34', 0),
(994, 'ogaylord', 'es', 'Willy Predovic Sr.', 42, 'oceane62@example.com', 14, 94, 194, 4, '1970-02-05 09:22:49', 1),
(995, 'mayer.annalise', 'pt', 'Alicia Sanford', 5, 'laurel.mcglynn@example.org', 15, 95, 195, 5, '2005-12-18 12:54:20', 1),
(996, 'gregorio.koelpin', 'ru', 'Vivienne Kerluke', 106997, 'lnikolaus@example.com', 16, 96, 196, 6, '1987-11-23 20:55:11', 1),
(999, 'sydni.bogisich', 'ru', 'Riley Nader', 643738, 'brekke.niko@example.net', 19, 99, 199, 9, '1994-09-28 18:18:35', 1),
(1101, 'ghackett', 'de', 'Aida McLaughlin', 21, 'brielle.crist@example.org', 1, 1, 201, 1, '1998-12-28 18:41:50', 1),
(1102, 'annabell74', 'pt', 'Casimir Borer', 819, 'ahmed.hane@example.net', 2, 2, 202, 2, '1976-01-10 07:04:59', 1),
(1105, 'carol86', 'ru', 'Ora Trantow PhD', 396, 'daren.hahn@example.com', 5, 5, 205, 5, '1975-04-17 13:35:13', 1),
(1109, 'ckris', 'fr', 'Leland Green', 784164623, 'little.gretchen@example.net', 9, 9, 209, 9, '2008-09-26 07:06:34', 1),
(1110, 'justen.bosco', 'es', 'Mrs. Athena Thompson MD', 335398, 'd\'angelo.haag@example.net', 10, 10, 210, 10, '1987-04-10 08:51:54', 1),
(1111, 'marshall03', 'en', 'Rebeka Smitham', 675592, 'fkessler@example.org', 11, 11, 211, 1, '1980-06-16 11:07:33', 1),
(1112, 'gaylord23', 'es', 'Mr. Charlie Pfannerstill I', 275984, 'luz03@example.net', 12, 12, 212, 2, '1997-03-25 06:20:19', 1),
(1113, 'barrows.ora', 'pt', 'Mrs. Jannie Kunze', 33, 'volkman.elton@example.org', 13, 13, 213, 3, '2003-02-24 18:17:37', 1),
(1115, 'bashirian.sean', 'de', 'Xavier Beier', 26, 'noel.kris@example.com', 15, 15, 215, 5, '1998-09-25 20:37:47', 1),
(1118, 'jimmy05', 'es', 'Katherine Hettinger', 321, 'kstehr@example.com', 18, 18, 218, 8, '1992-12-17 19:01:10', 1),
(1119, 'dante.schmidt', 'es', 'Helmer Herman', 482233, 'lauretta.gusikowski@example.net', 19, 19, 219, 9, '2005-01-15 06:44:15', 1),
(1121, 'jennings98', 'de', 'Abigail Kuvalis', 94, 'gavin52@example.org', 1, 21, 221, 1, '1971-03-04 04:56:51', 1),
(1128, 'columbus.cole', 'cn', 'Tyra Hackett', 877, 'jovani.von@example.org', 8, 28, 228, 8, '2011-04-28 17:23:27', 1),
(1129, 'rex.robel', 'en', 'Israel Collier', 768, 'catharine.davis@example.com', 9, 29, 229, 9, '1974-08-07 22:15:56', 1),
(1131, 'abshire.christa', 'fr', 'Margaret Hilpert V', 413166624, 'larson.gregoria@example.net', 11, 31, 231, 1, '2012-08-03 16:04:54', 1),
(1133, 'johnson.audrey', 'en', 'Prof. Burnice Schmitt', 163799, 'nbrown@example.com', 13, 33, 233, 3, '2006-09-04 12:56:10', 1),
(1134, 'vsauer', 'cn', 'Prof. Bart Bode', 822, 'melvin.corkery@example.com', 14, 34, 234, 4, '1979-07-12 22:47:29', 1),
(1135, 'kozey.letha', 'ru', 'Kasandra Lindgren', 479923, 'kjast@example.net', 15, 35, 235, 5, '1998-03-19 19:57:26', 1),
(1139, 'rowan95', 'pt', 'Rossie Kessler', 472225, 'green.hailee@example.com', 19, 39, 239, 9, '1985-01-06 07:54:31', 1),
(1140, 'ellis.balistreri', 'fr', 'Jada Schmidt', 969, 'kennedi.abernathy@example.net', 20, 40, 240, 10, '2014-06-21 06:52:47', 1),
(1141, 'iheidenreich', 'es', 'Justyn Sporer', 515640, 'macy.kihn@example.org', 1, 41, 241, 1, '2008-06-09 17:15:27', 1),
(1143, 'ruecker.quinn', 'cn', 'Nick Howell', 181, 'purdy.sasha@example.com', 3, 43, 243, 3, '1976-09-26 02:28:02', 1),
(1144, 'lbernier', 'cn', 'Justyn Rolfson Sr.', 679, 'windler.karina@example.com', 4, 44, 244, 4, '2016-04-08 17:58:08', 1),
(1145, 'adubuque', 'it', 'Emiliano Feeney Jr.', 18, 'ftremblay@example.com', 5, 45, 245, 5, '1973-11-17 04:05:02', 0),
(1146, 'reed58', 'fr', 'Laurel Quitzon', 70, 'mccullough.dasia@example.net', 6, 46, 246, 6, '2017-01-19 06:36:47', 0),
(1147, 'brakus.lionel', 'es', 'Corrine Kessler', 773, 'mhowe@example.com', 7, 47, 247, 7, '1974-02-05 18:59:20', 0),
(1148, 'yshields', 'fr', 'Steve Schaden V', 687, 'anabel18@example.net', 8, 48, 248, 8, '2005-03-12 09:07:07', 0),
(1154, 'nichole52', 'cn', 'Hadley Borer', 809021, 'dewitt.hahn@example.net', 14, 54, 254, 4, '2012-02-09 09:58:15', 0),
(1156, 'will.batz', 'es', 'Saul Lowe', 854, 'eheathcote@example.net', 16, 56, 256, 6, '2019-01-28 02:15:43', 0),
(1158, 'mittie.o\'conner', 'pt', 'Dr. Kane Champlin II', 437439, 'stanton.tony@example.org', 18, 58, 258, 8, '1986-05-20 00:25:25', 0),
(1162, 'cummings.russ', 'es', 'Estella Beahan', 342447, 'emmalee50@example.org', 2, 62, 262, 2, '1996-02-24 13:44:18', 0),
(1164, 'mcclure.nasir', 'es', 'Melyssa Bednar', 45, 'grady.adams@example.com', 4, 64, 264, 4, '2017-06-29 01:22:48', 0),
(1165, 'abraham03', 'ru', 'Samir Hintz', 64, 'ekuvalis@example.net', 5, 65, 265, 5, '1977-11-16 12:57:29', 0),
(1167, 'nona35', 'en', 'Mr. Emilio Tillman', 598814, 'fstehr@example.net', 7, 67, 267, 7, '1993-08-25 18:52:05', 0),
(1169, 'sokuneva', 'ru', 'Bruce Klein', 485, 'od\'amore@example.org', 9, 69, 269, 9, '1978-01-04 22:57:49', 0),
(1171, 'mayer.roberta', 'de', 'Mrs. Thora Rowe Jr.', 918982, 'nprosacco@example.com', 11, 71, 271, 1, '1977-03-29 07:59:46', 0),
(1172, 'wilkinson.bridie', 'en', 'Dr. Tracy Krajcik', 55, 'xruecker@example.com', 12, 72, 272, 2, '1995-07-01 21:13:41', 0),
(1176, 'dickens.dexter', 'de', 'Golden Morar', 98, 'rita44@example.net', 16, 76, 276, 6, '1975-06-19 21:06:05', 0),
(1182, 'curt.collins', 'it', 'Antonio Gibson II', 693, 'mose85@example.net', 2, 82, 282, 2, '1974-05-19 23:42:35', 0),
(1184, 'jward', 'ru', 'Ms. Leta Miller Sr.', 241, 'bbarrows@example.com', 4, 84, 284, 4, '1998-10-08 05:06:20', 0),
(1185, 'tracey.hermiston', 'cn', 'Marcellus Heaney', 628, 'fjast@example.net', 5, 85, 285, 5, '1974-03-08 06:20:13', 0),
(1186, 'johnathan47', 'en', 'Althea Kohler', 849239, 'bernier.kelton@example.net', 6, 86, 286, 6, '1978-01-23 10:49:33', 0),
(1187, 'bzemlak', 'pt', 'Prof. Savion Kuhlman', 874, 'dickinson.uriah@example.org', 7, 87, 287, 7, '1972-10-14 22:50:04', 0),
(1191, 'anitzsche', 'cn', 'Ms. Anissa Romaguera', 703, 'ucorkery@example.com', 11, 91, 291, 1, '2005-07-26 21:08:01', 0),
(1192, 'anjali63', 'it', 'Ms. Kelsie Sauer MD', 898, 'iberge@example.net', 12, 92, 292, 2, '1978-04-07 09:51:59', 0),
(1194, 'skyla61', 'en', 'Estelle Tillman PhD', 739, 'owalter@example.com', 14, 94, 294, 4, '1986-04-04 20:41:08', 0),
(1195, 'gutmann.dean', 'en', 'Mrs. Raphaelle Erdman', 884235, 'peggie.deckow@example.org', 15, 95, 295, 5, '2014-06-20 20:39:57', 0),
(1196, 'zrolfson', 'fr', 'Prof. Minnie Stokes', 895, 'clegros@example.net', 16, 96, 296, 6, '1986-10-28 12:56:33', 0),
(1197, 'noe28', 'fr', 'Dr. Collin Stanton', 209, 'reina.walsh@example.net', 17, 97, 297, 7, '2016-03-16 10:40:39', 0),
(1198, 'price.ledner', 'en', 'Rusty Hudson', 82, 'cleta05@example.org', 18, 98, 298, 8, '2007-06-29 03:25:34', 0),
(1199, 'grimes.claud', 'pt', 'Roxanne Rolfson', 102864, 'huel.juana@example.net', 19, 99, 299, 9, '1971-07-25 08:23:11', 0),
(1301, 'christiansen.douglas', 'cn', 'Ezra Gusikowski V', 168815, 'schumm.everardo@example.com', 1, 1, 1, 1, '1995-08-26 04:11:11', 0),
(1302, 'ole20', 'en', 'April Romaguera', 443, 'sgibson@example.org', 2, 2, 2, 2, '1979-07-28 11:00:36', 0),
(1304, 'flo.prosacco', 'fr', 'Isaias Rolfson I', 172555, 'kristy19@example.org', 4, 4, 4, 4, '1981-08-09 17:22:38', 0),
(1305, 'jcassin', 'it', 'Elmer Lind DVM', 321695, 'hbednar@example.net', 5, 5, 5, 5, '2018-05-27 07:45:25', 0),
(1316, 'heber90', 'cn', 'Nina Koepp', 223, 'augustus.moore@example.com', 16, 16, 16, 6, '2001-07-12 04:59:27', 0),
(1317, 'buckridge.vesta', 'en', 'Cloyd Berge', 500201, 'gibson.ted@example.net', 17, 17, 17, 7, '1983-11-12 19:53:20', 0),
(1318, 'belle.kessler', 'it', 'Daphnee Halvorson', 273982, 'mlarson@example.com', 18, 18, 18, 8, '2006-09-06 06:13:49', 0),
(1320, 'hegmann.domenica', 'cn', 'Cathy Harris', 1657246019, 'vabbott@example.net', 20, 20, 20, 10, '1979-06-26 07:07:28', 0),
(1322, 'candace04', 'pt', 'Marta Feil', 807565980, 'hkuhic@example.com', 2, 22, 22, 2, '1998-06-17 22:19:58', 0),
(1325, 'xwolf', 'de', 'Kelsie Tillman', 424623, 'casper82@example.net', 5, 25, 25, 5, '1989-08-28 15:03:01', 0),
(1328, 'vgislason', 'it', 'Kelsi Fadel', 715496, 'blabadie@example.net', 8, 28, 28, 8, '2003-01-09 15:58:22', 0),
(1329, 'jaida13', 'es', 'Dr. Florine Kessler', 947, 'keeling.berenice@example.net', 9, 29, 29, 9, '1973-04-19 16:30:02', 0),
(1330, 'rhett.stokes', 'it', 'Hillary Farrell', 127419, 'ankunding.jamel@example.net', 10, 30, 30, 10, '2001-08-18 15:41:11', 0),
(1332, 'aylin74', 'ru', 'Jakob Weimann II', 3, 'carroll92@example.net', 12, 32, 32, 2, '1976-04-01 17:15:02', 0),
(1336, 'quigley.garry', 'pt', 'Bell Boyer', 74, 'athompson@example.org', 16, 36, 36, 6, '1994-03-02 16:10:30', 0),
(1337, 'rheidenreich', 'pt', 'Maureen Rogahn', 772, 'anne56@example.net', 17, 37, 37, 7, '2017-10-19 10:28:19', 0),
(1340, 'precious.hills', 'ru', 'Sylvia Waelchi III', 851, 'luz.haag@example.org', 20, 40, 40, 10, '1972-03-17 16:10:07', 0),
(1342, 'annalise.mante', 'de', 'Prof. Jackeline Crist', 10740, 'merritt59@example.org', 2, 42, 42, 2, '1975-12-04 06:54:47', 0),
(1347, 'izaiah.waters', 'es', 'Ryan Schaefer', 247, 'joy01@example.org', 7, 47, 47, 7, '2015-11-17 21:07:05', 0),
(1349, 'candido27', 'en', 'Mariela Stroman', 753943, 'osinski.ashtyn@example.net', 9, 49, 49, 9, '2000-10-25 03:33:21', 0),
(1351, 'eloy89', 'cn', 'Ms. Leda D\'Amore', 311, 'zboyer@example.com', 11, 51, 51, 1, '2001-11-12 20:40:51', 0),
(1354, 'iyundt', 'en', 'Edna Hudson III', 651489, 'jenkins.marlin@example.org', 14, 54, 54, 4, '1999-05-20 11:57:05', 0),
(1362, 'kunze.vanessa', 'ru', 'Unique Baumbach', 78, 'alicia84@example.org', 2, 62, 62, 2, '1986-09-02 17:01:00', 0),
(1364, 'metz.morton', 'es', 'Corine Hyatt', 898791, 'lueilwitz.juwan@example.net', 4, 64, 64, 4, '2005-07-25 00:46:05', 0),
(1366, 'donnie.zieme', 'cn', 'Ms. Whitney Dietrich IV', 208398, 'lawson72@example.org', 6, 66, 66, 6, '2018-04-04 15:42:26', 0),
(1369, 'arau', 'es', 'Gianni Pacocha', 957983, 'tanner73@example.net', 9, 69, 69, 9, '2015-11-09 11:26:42', 0),
(1372, 'viva53', 'de', 'Lurline Lueilwitz', 594, 'vhuels@example.net', 12, 72, 72, 2, '1997-04-08 21:00:38', 0),
(1375, 'howell.stoltenberg', 'de', 'Kaleigh Bednar', 702100, 'miller55@example.org', 15, 75, 75, 5, '1981-03-06 22:01:58', 0),
(1376, 'dwolf', 'ru', 'Dr. Jackeline Stokes PhD', 821, 'uhilll@example.net', 16, 76, 76, 6, '1981-01-19 09:38:34', 0),
(1378, 'elisa.o\'kon', 'de', 'Austen Waters I', 158, 'naomi.christiansen@example.com', 18, 78, 78, 8, '1974-11-14 19:02:04', 0),
(1381, 'jared89', 'it', 'Kiana Cummerata', 709, 'gerda.heathcote@example.net', 1, 81, 81, 1, '2001-09-30 13:00:32', 0),
(1382, 'oharvey', 'it', 'Mr. Mateo Jones', 384, 'selena35@example.org', 2, 82, 82, 2, '1979-08-28 11:12:30', 0),
(1383, 'alexandria44', 'ru', 'Maynard Watsica', 848399963, 'regan52@example.org', 3, 83, 83, 3, '2005-09-13 21:00:22', 0),
(1385, 'enitzsche', 'de', 'Ethan Murphy', 75, 'dtreutel@example.com', 5, 85, 85, 5, '2008-06-28 15:43:37', 0),
(1389, 'terrence.mayer', 'fr', 'Mr. Bailey Fritsch PhD', 959127, 'salvador73@example.com', 9, 89, 89, 9, '1983-05-30 07:41:53', 0),
(1392, 'langworth.murphy', 'fr', 'Idella Johnston', 745835, 'joany88@example.com', 12, 92, 92, 2, '1988-11-14 20:33:50', 0),
(1393, 'jaskolski.maurine', 'de', 'Mr. Alexandro Hand', 2095194990, 'olangosh@example.com', 13, 93, 93, 3, '1991-05-25 23:22:27', 0),
(1400, 'leanne15', 'es', 'Gerson Padberg', 573559, 'kassulke.agnes@example.com', 20, 100, 100, 10, '2005-06-07 11:35:40', 0),
(1504, 'bridie36', 'cn', 'Emilie Jast', 346783, 'ora93@example.org', 4, 4, 104, 4, '1970-07-03 11:01:52', 0),
(1506, 'shanny.breitenberg', 'de', 'Bailee Zieme', 27505, 'von.enid@example.com', 6, 6, 106, 6, '2009-05-19 05:37:13', 0),
(1510, 'ford.howe', 'it', 'Anabelle Schuster', 41, 'prohaska.flo@example.org', 10, 10, 110, 10, '2003-03-11 05:46:23', 0),
(1512, 'neva29', 'pt', 'Prof. Yvette O\'Kon II', 1833555200, 'russell17@example.org', 12, 12, 112, 2, '1993-04-30 07:41:47', 0),
(1515, 'cbrakus', 'de', 'Emelia Wuckert', 401, 'vena.skiles@example.com', 15, 15, 115, 5, '1999-12-20 07:00:19', 0),
(1516, 'pmoen', 'cn', 'Ophelia Dooley', 117, 'delbert05@example.net', 16, 16, 116, 6, '1997-09-03 03:18:17', 0),
(1520, 'weissnat.kelly', 'es', 'Abdul Rosenbaum', 695118, 'gconroy@example.net', 20, 20, 120, 10, '1970-08-09 05:34:38', 0),
(1522, 'leora.considine', 'it', 'Miss Madisyn Dicki Sr.', 338908, 'bmraz@example.com', 2, 22, 122, 2, '2014-08-29 02:09:38', 0),
(1523, 'hillary38', 'ru', 'Prof. Laisha Marvin V', 897973, 'dbalistreri@example.net', 3, 23, 123, 3, '1996-07-05 02:51:53', 0),
(1525, 'elsie.carroll', 'cn', 'Mrs. Tianna Lindgren', 670314, 'ujacobs@example.com', 5, 25, 125, 5, '1989-10-05 07:11:21', 0),
(1526, 'fmueller', 'fr', 'Aurelie Flatley PhD', 27, 'yundt.elyssa@example.net', 6, 26, 126, 6, '1995-09-01 04:54:52', 0),
(1527, 'agustin95', 'es', 'Ms. Anna Hammes DVM', 153, 'herzog.hailee@example.org', 7, 27, 127, 7, '2016-11-13 21:50:57', 0),
(1532, 'chase.klocko', 'en', 'Alize Rosenbaum', 561, 'grimes.dino@example.net', 12, 32, 132, 2, '1985-05-03 23:57:41', 0),
(1533, 'ucronin', 'pt', 'Adeline Boyle', 700625, 'treutel.rico@example.net', 13, 33, 133, 3, '1986-02-12 01:32:42', 0),
(1534, 'rhianna43', 'fr', 'Dorothea Stiedemann', 224970, 'onie45@example.org', 14, 34, 134, 4, '1980-11-13 15:10:16', 0),
(1537, 'cullen17', 'ru', 'Prof. Tanner Hauck', 275, 'rupert47@example.org', 17, 37, 137, 7, '2000-01-19 23:27:44', 0),
(1546, 'hilpert.judson', 'es', 'Kurtis Shields', 862, 'vgerhold@example.com', 6, 46, 146, 6, '2016-03-15 15:04:33', 0),
(1551, 'velva59', 'en', 'Shaun Kessler', 89, 'etha87@example.com', 11, 51, 151, 1, '2014-10-26 21:19:18', 0),
(1554, 'kulas.elian', 'it', 'Leora Bergnaum', 935, 'ashlynn25@example.net', 14, 54, 154, 4, '2013-09-18 16:51:17', 0),
(1557, 'dwight.orn', 'es', 'Felicita Leuschke', 170, 'kkoepp@example.com', 17, 57, 157, 7, '1980-11-03 17:29:43', 0),
(1561, 'deonte32', 'cn', 'Baylee Senger', 904989, 'demarco.moore@example.com', 1, 61, 161, 1, '1978-05-19 03:05:14', 0),
(1562, 'koch.caden', 'cn', 'Miss Vada White', 206, 'shemar87@example.org', 2, 62, 162, 2, '2018-07-03 01:51:43', 0),
(1563, 'zlindgren', 'ru', 'Summer Johnston', 911044, 'matilda44@example.net', 3, 63, 163, 3, '1971-10-16 16:01:46', 0),
(1566, 'heidenreich.marion', 'es', 'Dr. Jaycee Connelly', 678900, 'agustin41@example.com', 6, 66, 166, 6, '1982-10-28 01:14:39', 0),
(1570, 'itoy', 'pt', 'Ludwig Emard IV', 1759558495, 'gottlieb.anika@example.org', 10, 70, 170, 10, '2015-02-28 04:17:24', 0),
(1571, 'genevieve.luettgen', 'pt', 'Megane Zulauf', 88, 'forest31@example.com', 11, 71, 171, 1, '2014-10-20 20:23:03', 0),
(1572, 'lulu.wilderman', 'ru', 'Ora Luettgen', 706, 'rippin.alena@example.net', 12, 72, 172, 2, '1978-08-25 02:53:59', 0),
(1578, 'newton16', 'de', 'Vito Upton', 508195, 'pmoen@example.org', 18, 78, 178, 8, '1992-02-07 09:44:24', 0),
(1584, 'hermann.charlene', 'es', 'Dina Boyle', 96, 'maggie.grady@example.net', 4, 84, 184, 4, '1984-05-25 23:51:59', 0),
(1586, 'iwill', 'pt', 'Shania Crist', 233052, 'hazle.klocko@example.net', 6, 86, 186, 6, '2009-10-25 06:22:03', 0),
(1587, 'mturner', 'de', 'Juana Kuhic', 517395, 'ray84@example.net', 7, 87, 187, 7, '2012-06-17 21:22:57', 0),
(1588, 'trinity62', 'en', 'Reba Rau', 917788, 'edubuque@example.com', 8, 88, 188, 8, '2008-04-21 17:03:02', 0),
(1592, 'berge.cameron', 'fr', 'Brisa Schiller', 378, 'sunny45@example.net', 12, 92, 192, 2, '1985-11-30 20:57:42', 0),
(1593, 'kohler.scottie', 'it', 'Mrs. Lina Mayer I', 560448, 'evalyn.marquardt@example.org', 13, 93, 193, 3, '1970-05-27 13:15:18', 0),
(1595, 'kasandra70', 'it', 'Dana Sauer', 279, 'lempi00@example.org', 15, 95, 195, 5, '2000-05-08 18:37:57', 0),
(1599, 'dahlia.schaden', 'fr', 'Edd Emard', 345811, 'jcartwright@example.com', 19, 99, 199, 9, '1993-10-29 03:02:52', 0),
(1600, 'ebert.cooper', 'en', 'Eve Brown', 826, 'harris.daryl@example.org', 20, 100, 200, 10, '1988-08-15 18:16:07', 0),
(1702, 'balistreri.karley', 'cn', 'Jarod McGlynn', 696200, 'arvid.turner@example.org', 2, 2, 202, 2, '1989-05-21 01:01:10', 0),
(1703, 'selmer98', 'it', 'Mrs. Jakayla Koepp V', 393672, 'deja.thompson@example.net', 3, 3, 203, 3, '1993-12-31 13:25:49', 0),
(1704, 'wrobel', 'it', 'Mrs. Daisy Kilback DVM', 436, 'julia.bergstrom@example.com', 4, 4, 204, 4, '2006-11-27 17:46:32', 0),
(1705, 'alessia52', 'pt', 'Prof. Pascale McKenzie', 658037, 'arlene00@example.org', 5, 5, 205, 5, '1977-01-29 10:05:07', 0),
(1709, 'lou00', 'it', 'Destinee Schuster', 347, 'abigale35@example.com', 9, 9, 209, 9, '2008-01-02 18:09:30', 0),
(1713, 'jschowalter', 'ru', 'Dr. Andy Muller MD', 501, 'adell70@example.org', 13, 13, 213, 3, '2013-09-27 08:21:48', 0),
(1714, 'royal.smith', 'cn', 'Mr. Cory Jaskolski III', 878657, 'fhackett@example.org', 14, 14, 214, 4, '1971-01-24 05:10:03', 0),
(1716, 'nader.ursula', 'de', 'Broderick McDermott DDS', 93759, 'jdibbert@example.com', 16, 16, 216, 6, '2014-07-19 19:22:36', 0),
(1717, 'adela.howe', 'it', 'Marilou Wintheiser', 66626, 'julio.dach@example.net', 17, 17, 217, 7, '1978-09-28 07:33:45', 0),
(1718, 'wiza.helen', 'pt', 'Cody Rodriguez V', 927, 'cade.metz@example.com', 18, 18, 218, 8, '1995-10-05 08:20:30', 0),
(1720, 'ayundt', 'it', 'Alta Gorczany', 908, 'purdy.tressa@example.org', 20, 20, 220, 10, '2010-05-28 05:43:38', 0),
(1721, 'carroll.eriberto', 'fr', 'Mrs. Liza Zemlak PhD', 482, 'augustine05@example.com', 1, 21, 221, 1, '1986-07-01 04:05:47', 0),
(1728, 'abrekke', 'de', 'Elvis Raynor MD', 863, 'murazik.florida@example.com', 8, 28, 228, 8, '1986-04-30 19:51:10', 0),
(1729, 'gconn', 'fr', 'Morgan Feeney', 247941, 'lbreitenberg@example.org', 9, 29, 229, 9, '2008-09-17 12:40:11', 0),
(1731, 'nigel51', 'cn', 'Miss Katheryn Baumbach DDS', 883103, 'barney.lubowitz@example.com', 11, 31, 231, 1, '2007-01-23 09:49:20', 0),
(1732, 'williamson.shanel', 'es', 'Dr. Ephraim Yundt', 287888, 'gkris@example.net', 12, 32, 232, 2, '1976-02-18 00:44:49', 0),
(1733, 'carolyn.kunde', 'it', 'Alana Oberbrunner', 40, 'tania78@example.net', 13, 33, 233, 3, '1977-09-27 21:54:13', 0),
(1742, 'kunze.randal', 'ru', 'Santina Ullrich', 480871, 'drew.hessel@example.org', 2, 42, 242, 2, '2017-11-17 22:10:29', 0),
(1746, 'hoeger.christopher', 'ru', 'Winifred Macejkovic', 536, 'schiller.geovanny@example.org', 6, 46, 246, 6, '2018-04-12 18:17:37', 0),
(1747, 'guido.ernser', 'ru', 'Gregory Hills PhD', 10, 'halvorson.zachary@example.com', 7, 47, 247, 7, '1985-05-20 13:15:43', 0),
(1750, 'montana.turcotte', 'it', 'Brandt Welch Jr.', 83978, 'dandre.huel@example.com', 10, 50, 250, 10, '1970-05-14 19:30:46', 0),
(1751, 'runolfsdottir.lempi', 'cn', 'Jeramie Quigley II', 794682, 'bschowalter@example.com', 11, 51, 251, 1, '1978-02-25 03:42:22', 0),
(1752, 'aditya73', 'it', 'Nickolas Herzog', 597254, 'farrell.precious@example.org', 12, 52, 252, 2, '1985-09-17 15:43:27', 0),
(1753, 'lindgren.ashtyn', 'en', 'Mya Toy', 349674, 'rice.bernhard@example.org', 13, 53, 253, 3, '1998-01-11 17:31:00', 0),
(1757, 'bradtke.estevan', 'it', 'Kyleigh Corwin II', 788117, 'rturner@example.net', 17, 57, 257, 7, '1977-05-01 19:36:01', 0),
(1759, 'brandi.dickens', 'ru', 'Trenton Macejkovic', 112031, 'emely.rowe@example.org', 19, 59, 259, 9, '1998-12-12 03:25:04', 0),
(1760, 'gwyman', 'de', 'Sidney McCullough', 414, 'jayce45@example.com', 20, 60, 260, 10, '2007-03-29 19:39:36', 0),
(1762, 'johnson.braun', 'ru', 'Jarvis Schiller', 512, 'adrien69@example.org', 2, 62, 262, 2, '1977-12-31 13:31:03', 0),
(1764, 'gage.powlowski', 'ru', 'Mackenzie Schumm', 450, 'gunner36@example.com', 4, 64, 264, 4, '1996-01-03 15:09:13', 0),
(1768, 'zemlak.carole', 'en', 'Wade Stark', 51, 'angelo61@example.net', 8, 68, 268, 8, '1985-09-06 18:14:25', 0),
(1769, 'waelchi.roberta', 'es', 'Mercedes Dickinson', 719528, 'hodkiewicz.cloyd@example.net', 9, 69, 269, 9, '1977-12-04 10:54:15', 0),
(1772, 'ashlee80', 'fr', 'Dr. Estevan Trantow', 446605, 'ufunk@example.org', 12, 72, 272, 2, '1974-10-17 21:34:31', 0),
(1773, 'ukreiger', 'pt', 'Ian Lynch', 884331, 'little.jayden@example.net', 13, 73, 273, 3, '2010-07-06 04:24:27', 0),
(1776, 'leopoldo.gutkowski', 'it', 'Norma Strosin', 8, 'knolan@example.net', 16, 76, 276, 6, '2012-05-24 01:50:45', 0),
(1777, 'xdooley', 'ru', 'Loy Keeling II', 397199, 'deborah55@example.org', 17, 77, 277, 7, '1997-08-14 20:25:54', 0),
(1778, 'zthompson', 'en', 'Sigmund Kozey', 228159, 'gerardo00@example.com', 18, 78, 278, 8, '2019-02-17 16:29:26', 0),
(1780, 'fgraham', 'it', 'Prof. Natalia West', 930720, 'padberg.carlos@example.net', 20, 80, 280, 10, '1987-03-14 15:16:19', 0),
(1781, 'kertzmann.shana', 'cn', 'Edison Mitchell V', 667736, 'raegan.murray@example.org', 1, 81, 281, 1, '1991-07-05 14:12:30', 0),
(1782, 'armani.cummerata', 'en', 'Paolo Hackett PhD', 158975, 'alessia.schulist@example.com', 2, 82, 282, 2, '2004-08-22 21:21:31', 0),
(1783, 'zeffertz', 'it', 'Alberto Gislason', 926, 'louvenia.parisian@example.net', 3, 83, 283, 3, '2012-10-04 14:34:58', 0),
(1785, 'nash.anderson', 'de', 'Kadin Grant', 547, 'cummerata.rhea@example.org', 5, 85, 285, 5, '1995-01-16 20:01:31', 0),
(1786, 'rodolfo.kuhlman', 'ru', 'Ms. Bridgette Olson DVM', 276938, 'kimberly22@example.net', 6, 86, 286, 6, '2000-08-13 19:28:03', 0),
(1787, 'hwalter', 'pt', 'Nona Cronin', 317, 'elias05@example.net', 7, 87, 287, 7, '1996-03-16 00:31:56', 0),
(1791, 'kling.andre', 'pt', 'Bridgette Zemlak PhD', 11599, 'jamel.parisian@example.org', 11, 91, 291, 1, '2011-06-23 22:40:06', 0),
(1793, 'rosanna17', 'de', 'Presley O\'Keefe', 722200, 'hbogisich@example.net', 13, 93, 293, 3, '2003-08-04 15:54:50', 0),
(1796, 'jeffery.spinka', 'ru', 'Vivien Reichel', 778, 'josefa.roberts@example.net', 16, 96, 296, 6, '1976-11-13 07:23:03', 0),
(1798, 'hector.rolfson', 'pt', 'Prof. Sam Abernathy DDS', 602061, 'udietrich@example.net', 18, 98, 298, 8, '1987-09-19 05:20:06', 0);

-- --------------------------------------------------------

--
-- Table structure for table `vidio`
--

CREATE TABLE `vidio` (
  `id` int(20) NOT NULL,
  `id_sender` int(10) NOT NULL,
  `id_receive` int(10) NOT NULL,
  `date` datetime NOT NULL DEFAULT CURRENT_TIMESTAMP
) ENGINE=InnoDB DEFAULT CHARSET=utf8;

--
-- Dumping data for table `vidio`
--

INSERT INTO `vidio` (`id`, `id_sender`, `id_receive`, `date`) VALUES
(1, 1, 101, '2005-08-14 00:58:08'),
(2, 2, 102, '1997-04-06 05:19:33'),
(3, 3, 103, '2010-02-16 12:35:45'),
(4, 4, 104, '2009-07-01 13:37:41'),
(5, 5, 106, '2017-12-03 13:38:40'),
(6, 6, 107, '2017-05-17 07:00:29'),
(7, 7, 110, '1993-01-15 18:06:28'),
(8, 8, 112, '1995-03-09 20:55:32'),
(9, 9, 116, '1995-04-04 19:23:11'),
(10, 10, 119, '2012-07-16 07:57:40'),
(11, 11, 120, '2004-12-10 10:53:55'),
(12, 12, 122, '1999-06-06 13:10:45'),
(13, 13, 123, '2015-10-12 03:09:54'),
(14, 14, 127, '1970-04-21 13:25:27'),
(15, 15, 130, '2013-08-11 22:55:08'),
(16, 16, 132, '1999-02-20 13:15:14'),
(17, 17, 133, '2002-10-22 02:27:50'),
(18, 18, 135, '1972-09-04 01:29:04'),
(19, 19, 136, '1984-11-30 20:16:49'),
(20, 20, 138, '2008-11-05 18:09:51'),
(21, 1, 139, '1993-10-29 06:11:20'),
(22, 2, 140, '2013-05-07 23:17:22'),
(23, 3, 145, '2000-03-05 10:14:26'),
(24, 4, 150, '1988-05-20 15:57:35'),
(25, 5, 151, '1990-06-08 04:18:39'),
(26, 6, 154, '1974-08-06 22:22:02'),
(27, 7, 155, '2001-12-17 11:57:58'),
(28, 8, 156, '1989-01-18 23:25:10'),
(29, 9, 157, '1984-07-02 10:26:48'),
(30, 10, 162, '1992-04-12 12:21:16'),
(31, 11, 163, '1989-02-04 07:49:23'),
(32, 12, 165, '2010-03-22 20:16:21'),
(33, 13, 166, '1995-12-15 10:42:12'),
(34, 14, 167, '1994-12-01 02:10:15'),
(35, 15, 168, '2008-01-06 18:58:46'),
(36, 16, 170, '1980-11-11 20:00:28'),
(37, 17, 172, '2005-11-01 22:44:33'),
(38, 18, 174, '1993-10-22 23:38:01'),
(39, 19, 175, '1993-12-17 04:36:12'),
(40, 20, 176, '1972-09-21 19:02:05'),
(41, 1, 179, '2005-04-18 13:02:10'),
(42, 2, 181, '2004-01-13 05:52:35'),
(43, 3, 185, '1984-02-10 13:32:34'),
(44, 4, 186, '2015-12-31 03:11:56'),
(45, 5, 189, '1971-01-08 10:31:40'),
(46, 6, 190, '1998-07-16 23:55:08'),
(47, 7, 192, '1972-10-22 03:38:05'),
(48, 8, 193, '1991-02-15 17:26:13'),
(49, 9, 194, '2017-07-20 15:42:30'),
(50, 10, 197, '2014-03-08 23:36:56'),
(51, 11, 198, '2016-07-14 21:05:11'),
(52, 12, 200, '1992-09-23 03:30:19'),
(53, 13, 306, '2017-06-10 11:17:00'),
(54, 14, 307, '1984-04-28 08:38:34'),
(55, 15, 308, '1983-02-20 07:20:23'),
(56, 16, 309, '2017-08-06 20:02:57'),
(57, 17, 311, '2016-10-07 03:23:08'),
(58, 18, 312, '2004-07-17 05:44:47'),
(59, 19, 315, '2016-04-28 16:10:49'),
(60, 20, 318, '1971-01-28 10:26:47'),
(61, 1, 322, '1980-11-18 18:30:53'),
(62, 2, 323, '2000-10-11 12:29:57'),
(63, 3, 325, '2010-05-10 15:56:08'),
(64, 4, 326, '1974-07-11 05:05:38'),
(65, 5, 328, '2010-05-29 02:47:07'),
(66, 6, 329, '1972-11-21 03:07:00'),
(67, 7, 330, '2002-12-20 17:38:16'),
(68, 8, 334, '1970-10-21 19:43:39'),
(69, 9, 335, '1972-06-30 10:26:30'),
(70, 10, 336, '1975-11-19 17:38:16'),
(71, 11, 338, '1982-06-27 00:02:45'),
(72, 12, 339, '1981-06-09 17:14:47'),
(73, 13, 341, '1982-12-06 16:02:43'),
(74, 14, 343, '2008-12-18 03:51:50'),
(75, 15, 348, '1975-01-13 22:40:11'),
(76, 16, 350, '1975-11-07 20:17:09'),
(77, 17, 351, '1972-05-04 04:18:27'),
(78, 18, 355, '2007-02-18 01:53:27'),
(79, 19, 356, '1996-01-28 13:13:12'),
(80, 20, 357, '2013-10-26 22:23:24'),
(81, 1, 359, '2007-03-20 04:44:45'),
(82, 2, 360, '2002-12-05 15:56:59'),
(83, 3, 364, '1970-03-12 18:01:06'),
(84, 4, 365, '1991-05-20 00:05:47'),
(85, 5, 366, '1997-04-02 12:09:35'),
(86, 6, 367, '1995-02-15 23:45:25'),
(87, 7, 375, '1978-07-08 18:01:01'),
(88, 8, 376, '2010-04-10 01:45:28'),
(89, 9, 377, '2010-05-05 05:25:11'),
(90, 10, 381, '2008-05-14 19:50:08'),
(91, 11, 386, '1997-03-31 17:10:06'),
(92, 12, 387, '2002-02-10 06:45:28'),
(93, 13, 388, '2017-04-19 21:25:35'),
(94, 14, 392, '1998-07-09 18:03:45'),
(95, 15, 393, '1982-07-22 22:59:52'),
(96, 16, 394, '1995-07-10 20:12:52'),
(97, 17, 396, '1999-10-03 13:07:04'),
(98, 18, 397, '2014-03-05 16:07:31'),
(99, 19, 398, '1985-11-30 09:23:58'),
(100, 20, 399, '2015-07-17 02:00:39'),
(101, 1, 400, '2004-08-29 19:45:09'),
(102, 2, 503, '2000-04-13 13:35:21'),
(103, 3, 504, '1997-08-31 14:26:12'),
(104, 4, 508, '1997-02-10 17:15:42'),
(105, 5, 509, '2002-10-20 06:07:08'),
(106, 6, 511, '2003-06-26 08:25:21'),
(107, 7, 512, '1979-04-09 07:14:30'),
(108, 8, 522, '1999-08-26 18:06:40'),
(109, 9, 525, '1970-09-27 13:57:38'),
(110, 10, 531, '2007-01-21 08:39:47'),
(111, 11, 533, '1987-02-01 02:23:00'),
(112, 12, 537, '1992-05-13 17:55:32'),
(113, 13, 538, '2016-01-18 17:49:18'),
(114, 14, 541, '1996-08-28 12:46:47'),
(115, 15, 542, '2011-04-24 14:52:45'),
(116, 16, 545, '1971-04-13 06:47:08'),
(117, 17, 546, '2007-03-23 01:16:07'),
(118, 18, 547, '1990-03-22 21:34:24'),
(119, 19, 548, '2014-05-07 14:48:26'),
(120, 20, 554, '1998-11-20 11:05:20'),
(121, 1, 555, '1977-03-15 08:50:14'),
(122, 2, 556, '1984-11-19 18:59:17'),
(123, 3, 557, '2012-05-17 10:31:49'),
(124, 4, 559, '1981-12-24 15:42:32'),
(125, 5, 560, '1992-08-02 05:35:02'),
(126, 6, 563, '2009-03-08 03:55:38'),
(127, 7, 566, '1984-06-08 08:41:55'),
(128, 8, 571, '1974-02-24 07:47:22'),
(129, 9, 572, '2014-05-27 00:50:51'),
(130, 10, 573, '1977-08-21 05:11:08'),
(131, 11, 574, '1974-11-13 00:28:35'),
(132, 12, 575, '1982-09-04 01:28:47'),
(133, 13, 577, '2012-12-09 05:34:11'),
(134, 14, 580, '2003-03-22 04:08:41'),
(135, 15, 582, '1984-01-31 07:59:40'),
(136, 16, 583, '1973-07-16 17:02:01'),
(137, 17, 584, '1999-05-12 05:46:39'),
(138, 18, 587, '1971-01-06 16:38:07'),
(139, 19, 592, '2018-01-16 13:06:30'),
(140, 20, 594, '2003-11-06 10:58:49'),
(141, 1, 596, '1991-11-27 11:01:46'),
(142, 2, 597, '2016-08-17 12:24:49'),
(143, 3, 598, '1981-04-30 03:17:50'),
(144, 4, 705, '1986-12-22 06:11:15'),
(145, 5, 708, '1976-01-24 21:05:29'),
(146, 6, 712, '2003-04-11 08:21:40'),
(147, 7, 713, '1981-02-16 08:33:32'),
(148, 8, 721, '2018-02-15 00:34:55'),
(149, 9, 722, '1982-10-31 21:28:51'),
(150, 10, 723, '2002-05-05 01:42:17'),
(151, 11, 725, '1975-03-15 08:14:49'),
(152, 12, 729, '2012-04-18 10:56:33'),
(153, 13, 731, '2005-08-16 13:29:17'),
(154, 14, 733, '1995-06-27 21:32:27'),
(155, 15, 734, '2011-09-07 14:39:18'),
(156, 16, 737, '1989-07-30 04:50:51'),
(157, 17, 740, '2010-02-13 23:56:54'),
(158, 18, 742, '2003-10-19 18:33:11'),
(159, 19, 744, '2001-12-19 03:03:27'),
(160, 20, 746, '1989-03-08 01:31:48'),
(161, 1, 747, '1972-05-11 02:28:44'),
(162, 2, 749, '1973-02-05 13:05:19'),
(163, 3, 750, '1992-05-08 17:37:07'),
(164, 4, 751, '1990-01-02 21:53:27'),
(165, 5, 753, '2005-10-09 17:59:56'),
(166, 6, 755, '2010-06-07 09:06:26'),
(167, 7, 756, '2007-10-29 18:33:02'),
(168, 8, 757, '1977-02-18 00:27:36'),
(169, 9, 759, '1997-10-15 05:52:47'),
(170, 10, 760, '2015-07-02 00:25:13'),
(171, 11, 761, '1970-03-17 18:11:37'),
(172, 12, 763, '1975-06-01 04:09:52'),
(173, 13, 766, '2013-10-16 15:01:20'),
(174, 14, 771, '2018-07-16 04:15:29'),
(175, 15, 773, '1982-04-21 11:32:45'),
(176, 16, 775, '1999-01-14 11:04:25'),
(177, 17, 776, '2001-03-29 05:39:23'),
(178, 18, 777, '1980-08-02 10:57:07'),
(179, 19, 778, '1970-06-12 09:30:16'),
(180, 20, 781, '1981-07-07 10:27:08'),
(181, 1, 782, '2007-09-19 17:13:02'),
(182, 2, 786, '1999-03-02 02:45:46'),
(183, 3, 787, '1979-03-25 04:44:09'),
(184, 4, 791, '1993-02-02 04:42:33'),
(185, 5, 792, '1979-05-02 19:06:56'),
(186, 6, 901, '1996-12-19 19:05:03'),
(187, 7, 905, '2008-03-30 03:45:05'),
(188, 8, 906, '2014-11-08 21:03:19'),
(189, 9, 907, '1976-10-06 17:40:46'),
(190, 10, 909, '2009-05-22 07:58:56'),
(191, 11, 910, '1999-10-21 07:45:17'),
(192, 12, 923, '1978-03-26 14:10:45'),
(193, 13, 924, '2013-08-29 08:44:26'),
(194, 14, 926, '2012-09-12 08:57:11'),
(195, 15, 928, '2009-11-17 16:40:25'),
(196, 16, 929, '2005-06-06 13:44:45'),
(197, 17, 934, '1982-01-09 19:32:28'),
(198, 18, 942, '2016-10-03 23:09:15'),
(199, 19, 943, '1989-05-19 06:24:08'),
(200, 20, 944, '1971-07-05 20:16:45'),
(201, 1, 945, '2008-09-22 03:38:46'),
(202, 2, 946, '2011-03-01 00:08:09'),
(203, 3, 947, '1974-11-20 05:24:24'),
(204, 4, 951, '1976-05-24 18:29:43'),
(205, 5, 956, '2001-05-15 10:29:33'),
(206, 6, 957, '1978-02-12 16:33:49'),
(207, 7, 959, '1975-01-28 02:55:01'),
(208, 8, 962, '2009-03-07 14:19:55'),
(209, 9, 964, '2003-10-27 13:19:32'),
(210, 10, 968, '2005-10-02 00:15:49'),
(211, 11, 971, '1970-07-20 15:00:22'),
(212, 12, 973, '1981-12-27 03:43:26'),
(213, 13, 975, '1975-09-23 18:15:28'),
(214, 14, 978, '1989-10-09 09:07:06'),
(215, 15, 979, '2004-11-08 22:39:58'),
(216, 16, 983, '1970-09-01 08:01:33'),
(217, 17, 984, '1989-10-29 11:57:52'),
(218, 18, 985, '1979-07-17 22:15:35'),
(219, 19, 986, '2014-10-17 14:54:23'),
(220, 20, 987, '1988-06-15 13:58:17'),
(221, 1, 989, '2012-02-20 15:06:50'),
(222, 2, 991, '1993-01-22 16:49:10'),
(223, 3, 992, '1971-09-01 06:52:03'),
(224, 4, 994, '1995-05-29 14:33:29'),
(225, 5, 995, '1986-01-31 01:59:03'),
(226, 6, 996, '1979-03-20 12:06:55'),
(227, 7, 999, '1976-12-26 09:00:05'),
(228, 8, 1101, '1991-11-19 05:24:43'),
(229, 9, 1102, '2004-06-29 10:46:51'),
(230, 10, 1105, '2004-01-25 04:09:31'),
(231, 11, 1109, '1999-06-15 01:37:31'),
(232, 12, 1110, '1984-08-29 15:28:15'),
(233, 13, 1111, '1984-01-11 21:22:41'),
(234, 14, 1112, '1971-01-26 22:04:59'),
(235, 15, 1113, '1976-01-10 07:42:12'),
(236, 16, 1115, '2017-05-05 17:08:52'),
(237, 17, 1118, '1998-07-05 10:21:34'),
(238, 18, 1119, '2008-05-15 05:00:21'),
(239, 19, 1121, '1991-11-15 23:54:01'),
(240, 20, 1128, '2006-10-17 16:42:39'),
(241, 1, 1129, '1997-09-20 10:17:45'),
(242, 2, 1131, '1991-11-23 14:25:47'),
(243, 3, 1133, '2013-05-10 22:08:32'),
(244, 4, 1134, '2006-03-31 23:40:54'),
(245, 5, 1135, '1996-08-06 12:04:45'),
(246, 6, 1139, '1972-09-04 23:34:07'),
(247, 7, 1140, '2013-06-15 06:17:51'),
(248, 8, 1141, '1994-08-13 06:07:47'),
(249, 9, 1143, '2018-04-27 04:08:38'),
(250, 10, 1144, '1991-10-13 19:25:11'),
(251, 11, 1145, '2007-10-27 02:06:12'),
(252, 12, 1146, '2005-10-12 02:33:49'),
(253, 13, 1147, '1990-12-29 18:36:11'),
(254, 14, 1148, '1991-10-25 22:44:06'),
(255, 15, 1154, '2005-12-12 14:44:02'),
(256, 16, 1156, '1985-05-20 17:34:28'),
(257, 17, 1158, '1978-12-20 02:11:43'),
(258, 18, 1162, '1995-02-26 13:32:16'),
(259, 19, 1164, '2012-05-07 13:07:23'),
(260, 20, 1165, '1976-05-31 15:56:13'),
(261, 1, 1167, '1990-05-30 11:43:15'),
(262, 2, 1169, '1999-10-14 12:14:57'),
(263, 3, 1171, '1970-12-16 03:41:02'),
(264, 4, 1172, '2010-03-22 23:36:21'),
(265, 5, 1176, '1971-09-25 14:17:46'),
(266, 6, 1182, '1992-11-13 14:55:44'),
(267, 7, 1184, '1994-06-05 15:03:28'),
(268, 8, 1185, '2002-09-12 21:47:19'),
(269, 9, 1186, '2018-01-28 19:56:03'),
(270, 10, 1187, '1983-09-05 10:19:56'),
(271, 11, 1191, '1976-04-04 13:18:44'),
(272, 12, 1192, '2014-12-06 15:58:44'),
(273, 13, 1194, '2000-01-20 22:15:36'),
(274, 14, 1195, '1989-11-13 12:03:26'),
(275, 15, 1196, '2009-08-31 15:57:08'),
(276, 16, 1197, '2015-03-16 13:48:11'),
(277, 17, 1198, '1995-09-03 12:23:48'),
(278, 18, 1199, '2007-09-03 18:43:29'),
(279, 19, 1301, '1993-06-28 03:05:59'),
(280, 20, 1302, '1973-08-21 10:34:54'),
(281, 1, 1304, '2010-09-06 15:45:15'),
(282, 2, 1305, '1974-05-29 18:56:05'),
(283, 3, 1316, '2000-01-18 14:43:27'),
(284, 4, 1317, '1998-10-18 15:05:23'),
(285, 5, 1318, '1984-01-28 19:22:23'),
(286, 6, 1320, '1999-01-02 20:36:40'),
(287, 7, 1322, '1987-06-15 21:06:26'),
(288, 8, 1325, '2004-04-08 05:23:06'),
(289, 9, 1328, '2016-09-13 10:43:17'),
(290, 10, 1329, '1990-08-16 10:56:56'),
(291, 11, 1330, '1980-05-11 15:35:09'),
(292, 12, 1332, '1999-10-04 00:25:46'),
(293, 13, 1336, '2001-11-02 18:54:15'),
(294, 14, 1337, '1977-06-29 08:01:36'),
(295, 15, 1340, '1972-11-22 06:18:56'),
(296, 16, 1342, '1985-01-08 04:35:31'),
(297, 17, 1347, '2012-10-23 01:10:22'),
(298, 18, 1349, '2009-05-26 12:45:04'),
(299, 19, 1351, '2005-08-20 18:11:13'),
(300, 20, 1354, '1970-07-27 14:46:44');

-- --------------------------------------------------------

--
-- Table structure for table `voip`
--

CREATE TABLE `voip` (
  `id` int(20) NOT NULL,
  `id_sender` int(10) NOT NULL,
  `id_receive` int(10) NOT NULL,
  `date` datetime NOT NULL DEFAULT CURRENT_TIMESTAMP
) ENGINE=InnoDB DEFAULT CHARSET=utf8;

--
-- Dumping data for table `voip`
--

INSERT INTO `voip` (`id`, `id_sender`, `id_receive`, `date`) VALUES
(1, 1, 1, '1994-11-27 02:39:16'),
(2, 2, 2, '2008-12-14 06:47:49'),
(3, 3, 3, '1972-04-09 13:10:08'),
(4, 4, 4, '1991-06-17 13:17:40'),
(5, 5, 5, '1993-12-22 10:13:02'),
(6, 6, 6, '1988-02-20 18:01:31'),
(7, 7, 7, '1988-07-05 16:14:53'),
(8, 8, 8, '2004-02-27 00:42:59'),
(9, 9, 9, '1974-09-20 00:05:38'),
(10, 10, 10, '1990-05-14 20:57:15'),
(11, 11, 11, '2009-06-06 00:58:48'),
(12, 12, 12, '1976-10-07 00:08:20'),
(13, 13, 13, '1972-04-14 19:42:37'),
(14, 14, 14, '1990-08-15 20:49:27'),
(15, 15, 15, '2005-09-20 17:47:52'),
(16, 16, 16, '2006-08-28 03:25:51'),
(17, 17, 17, '2017-03-14 21:48:44'),
(18, 18, 18, '1983-07-13 02:27:41'),
(19, 19, 19, '2009-07-22 06:44:44'),
(20, 20, 20, '1992-05-14 16:08:04'),
(21, 1, 21, '1979-08-01 00:44:24'),
(22, 2, 22, '1977-04-15 21:05:26'),
(23, 3, 23, '1998-11-27 19:42:21'),
(24, 4, 24, '1996-11-11 08:21:18'),
(25, 5, 25, '1972-11-30 11:45:32'),
(26, 6, 26, '1986-12-20 09:25:38'),
(27, 7, 27, '2017-11-12 16:59:53'),
(28, 8, 28, '2006-08-11 18:16:20'),
(29, 9, 29, '2003-12-06 04:32:00'),
(30, 10, 30, '2008-01-28 03:37:51'),
(31, 11, 31, '2011-09-28 18:16:57'),
(32, 12, 32, '1975-02-05 06:21:49'),
(33, 13, 33, '1990-10-23 07:07:08'),
(34, 14, 34, '2017-10-29 21:08:40'),
(35, 15, 35, '2001-02-06 07:21:40'),
(36, 16, 36, '1978-06-01 08:48:32'),
(37, 17, 37, '2003-12-10 15:16:58'),
(38, 18, 38, '1990-09-08 09:26:19'),
(39, 19, 39, '1986-05-14 04:22:41'),
(40, 20, 40, '1987-03-28 06:56:10'),
(41, 1, 41, '1998-09-02 05:33:21'),
(42, 2, 42, '1993-12-08 16:00:33'),
(43, 3, 43, '2013-05-08 12:39:11'),
(44, 4, 44, '2015-05-19 06:08:39'),
(45, 5, 45, '2007-02-15 01:58:29'),
(46, 6, 46, '1991-09-22 09:56:11'),
(47, 7, 47, '1990-08-23 14:40:49'),
(48, 8, 48, '2003-01-14 02:22:18'),
(49, 9, 49, '1992-12-07 11:04:35'),
(50, 10, 50, '2001-08-31 10:36:55'),
(51, 11, 51, '1993-05-06 21:20:07'),
(52, 12, 52, '2011-11-28 07:01:04'),
(53, 13, 53, '2008-05-04 00:37:11'),
(54, 14, 54, '1998-11-24 06:09:22'),
(55, 15, 55, '1979-09-21 13:52:04'),
(56, 16, 56, '2003-10-24 04:23:26'),
(57, 17, 57, '1984-05-03 02:55:03'),
(58, 18, 58, '1994-10-01 17:30:47'),
(59, 19, 59, '1995-03-01 02:56:16'),
(60, 20, 60, '2010-11-25 23:51:27'),
(61, 1, 61, '1993-01-22 07:39:00'),
(62, 2, 62, '2016-08-23 13:50:21'),
(63, 3, 63, '1975-08-30 11:52:45'),
(64, 4, 64, '2014-07-13 16:55:40'),
(65, 5, 65, '1980-09-23 12:27:54'),
(66, 6, 66, '1999-02-08 04:27:05'),
(67, 7, 67, '2009-02-26 02:21:12'),
(68, 8, 68, '2002-04-12 21:04:46'),
(69, 9, 69, '2006-08-24 12:01:03'),
(70, 10, 70, '1989-04-21 01:06:48'),
(71, 11, 71, '2014-06-27 14:09:14'),
(72, 12, 72, '1985-01-16 05:45:25'),
(73, 13, 73, '1995-10-03 18:04:33'),
(74, 14, 74, '2003-04-22 01:42:13'),
(75, 15, 75, '1981-12-21 19:32:00'),
(76, 16, 76, '1990-07-13 05:21:26'),
(77, 17, 77, '2005-05-02 13:55:19'),
(78, 18, 78, '1978-06-25 12:43:12'),
(79, 19, 79, '2010-01-03 11:47:24'),
(80, 20, 80, '1995-10-27 11:03:29'),
(81, 1, 81, '2012-11-16 00:40:12'),
(82, 2, 82, '2014-01-10 08:08:59'),
(83, 3, 83, '2019-02-02 16:46:57'),
(84, 4, 84, '2015-03-04 18:56:16'),
(85, 5, 85, '1970-12-10 10:23:55'),
(86, 6, 86, '1989-11-15 22:13:10'),
(87, 7, 87, '2007-08-02 10:29:12'),
(88, 8, 88, '1982-11-13 10:36:48'),
(89, 9, 89, '2009-09-29 19:37:54'),
(90, 10, 90, '2004-02-10 16:57:17'),
(91, 11, 91, '1996-05-19 01:44:24'),
(92, 12, 92, '1990-03-23 11:13:51'),
(93, 13, 93, '2014-07-22 03:04:46'),
(94, 14, 94, '1985-09-20 07:23:56'),
(95, 15, 95, '1992-04-18 12:38:16'),
(96, 16, 96, '1974-03-27 22:26:10'),
(97, 17, 97, '1973-07-31 12:51:21'),
(98, 18, 98, '2010-03-12 14:24:40'),
(99, 19, 99, '2007-12-17 19:54:24'),
(100, 20, 100, '1995-03-01 15:41:58'),
(101, 1, 101, '2017-03-11 11:02:47'),
(102, 2, 102, '1979-10-14 15:44:58'),
(103, 3, 103, '1972-10-19 04:49:24'),
(104, 4, 104, '2005-09-07 12:02:02'),
(105, 5, 105, '1991-10-30 08:20:17'),
(106, 6, 106, '1970-01-25 07:15:32'),
(107, 7, 107, '2009-04-25 19:02:57'),
(108, 8, 108, '1988-11-17 04:32:49'),
(109, 9, 109, '2011-07-12 15:36:34'),
(110, 10, 110, '1972-04-11 19:49:05'),
(111, 11, 111, '1980-01-19 08:38:39'),
(112, 12, 112, '1989-02-18 07:57:18'),
(113, 13, 113, '1983-01-12 22:55:59'),
(114, 14, 114, '1988-09-06 15:25:13'),
(115, 15, 115, '1992-03-13 05:54:43'),
(116, 16, 116, '1974-06-18 12:03:48'),
(117, 17, 117, '2019-01-29 08:36:54'),
(118, 18, 118, '1980-09-27 10:57:01'),
(119, 19, 119, '1983-11-24 14:05:31'),
(120, 20, 120, '1977-10-03 18:38:47'),
(121, 1, 121, '1988-01-06 08:10:20'),
(122, 2, 122, '1977-08-24 19:35:30'),
(123, 3, 123, '1975-08-11 06:50:36'),
(124, 4, 124, '1972-06-08 19:04:27'),
(125, 5, 125, '2011-02-01 10:37:24'),
(126, 6, 126, '2006-05-27 09:45:58'),
(127, 7, 127, '2011-09-14 08:55:24'),
(128, 8, 128, '2016-10-17 23:10:26'),
(129, 9, 129, '1970-06-02 10:08:18'),
(130, 10, 130, '2006-03-06 18:28:26'),
(131, 11, 131, '1977-06-19 11:35:02'),
(132, 12, 132, '1992-04-08 00:58:24'),
(133, 13, 133, '1995-10-19 17:31:51'),
(134, 14, 134, '1993-07-06 15:30:14'),
(135, 15, 135, '2008-03-23 04:54:33'),
(136, 16, 136, '2006-11-20 03:05:40'),
(137, 17, 137, '1981-04-30 11:28:17'),
(138, 18, 138, '1998-09-20 04:47:18'),
(139, 19, 139, '2010-06-20 17:29:46'),
(140, 20, 140, '1988-10-30 10:03:16'),
(141, 1, 141, '1994-06-10 14:34:29'),
(142, 2, 142, '2002-03-31 05:35:34'),
(143, 3, 143, '2006-01-24 11:08:56'),
(144, 4, 144, '2015-05-17 02:46:37'),
(145, 5, 145, '1977-12-03 07:25:26'),
(146, 6, 146, '1992-09-16 05:08:33'),
(147, 7, 147, '1993-05-24 18:32:35'),
(148, 8, 148, '1993-04-11 03:12:00'),
(149, 9, 149, '2005-05-14 19:37:04'),
(150, 10, 150, '1981-01-31 20:16:04'),
(151, 11, 151, '1999-05-31 15:49:36'),
(152, 12, 152, '2019-01-14 02:44:12'),
(153, 13, 153, '1999-09-15 20:58:17'),
(154, 14, 154, '2002-01-27 08:09:30'),
(155, 15, 155, '1996-02-25 18:39:04'),
(156, 16, 156, '2013-01-22 11:29:06'),
(157, 17, 157, '2008-07-18 06:06:14'),
(158, 18, 158, '2007-04-02 04:59:47'),
(159, 19, 159, '1991-12-25 20:22:17'),
(160, 20, 160, '1997-05-12 12:22:34'),
(161, 1, 161, '2016-06-07 05:22:34'),
(162, 2, 162, '1988-10-17 07:35:57'),
(163, 3, 163, '1971-04-07 17:51:37'),
(164, 4, 164, '2013-06-06 10:13:24'),
(165, 5, 165, '1989-12-01 15:45:48'),
(166, 6, 166, '2016-08-17 06:33:17'),
(167, 7, 167, '1985-09-04 00:57:09'),
(168, 8, 168, '2008-03-01 18:38:36'),
(169, 9, 169, '1999-11-05 00:17:14'),
(170, 10, 170, '1979-03-25 09:52:17'),
(171, 11, 171, '1999-01-11 19:35:07'),
(172, 12, 172, '2011-06-16 17:05:51'),
(173, 13, 173, '2014-12-03 09:27:09'),
(174, 14, 174, '1972-07-23 16:39:39'),
(175, 15, 175, '2011-08-18 11:43:41'),
(176, 16, 176, '1986-12-15 15:23:15'),
(177, 17, 177, '1991-02-06 11:31:50'),
(178, 18, 178, '2007-08-26 23:05:15'),
(179, 19, 179, '2009-05-05 10:50:37'),
(180, 20, 180, '2016-11-21 06:58:35'),
(181, 1, 181, '1973-11-27 20:59:41'),
(182, 2, 182, '2001-04-30 08:18:12'),
(183, 3, 183, '2006-06-04 02:22:46'),
(184, 4, 184, '1996-12-15 22:58:21'),
(185, 5, 185, '1997-10-23 14:16:52'),
(186, 6, 186, '1988-03-30 23:07:25'),
(187, 7, 187, '1996-11-29 08:12:07'),
(188, 8, 188, '2017-01-17 05:33:52'),
(189, 9, 189, '1981-01-14 02:36:01'),
(190, 10, 190, '1996-05-19 01:45:31'),
(191, 11, 191, '1975-06-10 23:41:53'),
(192, 12, 192, '2005-07-09 12:36:55'),
(193, 13, 193, '2008-06-03 18:35:04'),
(194, 14, 194, '2018-05-07 07:22:25'),
(195, 15, 195, '1980-08-01 08:04:49'),
(196, 16, 196, '1998-05-03 15:44:55'),
(197, 17, 197, '2006-08-04 09:48:29'),
(198, 18, 198, '1972-06-11 19:28:26'),
(199, 19, 199, '1979-02-27 13:38:05'),
(200, 20, 200, '1979-01-17 20:32:19'),
(201, 1, 201, '2003-12-22 14:58:20'),
(202, 2, 202, '2006-08-14 21:52:18'),
(203, 3, 203, '2016-06-17 23:32:53'),
(204, 4, 204, '2000-12-28 13:35:34'),
(205, 5, 205, '2015-06-07 07:18:40'),
(206, 6, 206, '1982-02-21 03:07:53'),
(207, 7, 207, '2002-06-26 19:14:00'),
(208, 8, 208, '1979-05-22 11:39:34'),
(209, 9, 209, '1987-05-26 21:32:15'),
(210, 10, 210, '2013-09-17 11:57:57'),
(211, 11, 211, '1981-07-16 21:24:27'),
(212, 12, 212, '2012-06-03 02:12:13'),
(213, 13, 213, '2016-10-26 10:23:16'),
(214, 14, 214, '1991-08-29 11:09:36'),
(215, 15, 215, '1996-02-02 03:49:05'),
(216, 16, 216, '2010-10-14 17:32:35'),
(217, 17, 217, '2009-06-06 14:36:15'),
(218, 18, 218, '1976-10-28 09:38:20'),
(219, 19, 219, '1977-10-15 03:53:11'),
(220, 20, 220, '2000-07-07 02:35:21'),
(221, 1, 221, '1978-04-15 01:24:42'),
(222, 2, 222, '2011-11-28 03:54:51'),
(223, 3, 223, '2013-08-31 05:19:41'),
(224, 4, 224, '1982-01-22 06:33:33'),
(225, 5, 225, '1975-05-23 05:07:10'),
(226, 6, 226, '1975-11-20 08:44:43'),
(227, 7, 227, '2011-02-13 10:40:12'),
(228, 8, 228, '1979-05-29 02:22:59'),
(229, 9, 229, '2009-10-09 17:47:13'),
(230, 10, 230, '2002-04-03 10:58:03'),
(231, 11, 231, '2011-01-23 16:40:36'),
(232, 12, 232, '2003-10-21 20:30:42'),
(233, 13, 233, '1997-07-01 15:23:35'),
(234, 14, 234, '1998-07-09 09:42:37'),
(235, 15, 235, '2017-10-12 06:36:27'),
(236, 16, 236, '2014-11-24 10:48:29'),
(237, 17, 237, '1973-08-20 00:24:18'),
(238, 18, 238, '2001-06-16 09:27:57'),
(239, 19, 239, '1978-07-02 19:23:27'),
(240, 20, 240, '2008-11-30 04:06:31'),
(241, 1, 241, '1975-08-14 01:20:33'),
(242, 2, 242, '1979-07-20 21:30:23'),
(243, 3, 243, '2014-10-22 21:17:44'),
(244, 4, 244, '1982-11-09 17:40:25'),
(245, 5, 245, '2008-12-19 13:37:51'),
(246, 6, 246, '2018-12-19 15:41:49'),
(247, 7, 247, '1991-09-09 05:35:33'),
(248, 8, 248, '2003-07-20 01:07:12'),
(249, 9, 249, '1977-08-09 22:30:55'),
(250, 10, 250, '2003-02-11 10:58:09'),
(251, 11, 251, '1997-09-16 02:40:50'),
(252, 12, 252, '1973-12-20 23:14:56'),
(253, 13, 253, '1970-10-27 07:45:14'),
(254, 14, 254, '1990-01-26 03:52:12'),
(255, 15, 255, '1998-05-10 04:41:54'),
(256, 16, 256, '1996-04-29 09:28:32'),
(257, 17, 257, '2018-06-10 11:25:24'),
(258, 18, 258, '2017-03-29 14:40:59'),
(259, 19, 259, '1997-08-20 08:18:40'),
(260, 20, 260, '1989-11-12 23:27:40'),
(261, 1, 261, '1994-05-14 03:05:35'),
(262, 2, 262, '1992-01-04 08:07:43'),
(263, 3, 263, '1982-04-24 16:44:27'),
(264, 4, 264, '1986-08-10 16:28:25'),
(265, 5, 265, '2000-12-11 06:55:58'),
(266, 6, 266, '1970-12-12 09:57:31'),
(267, 7, 267, '2001-09-30 19:00:15'),
(268, 8, 268, '1998-02-19 15:15:57'),
(269, 9, 269, '1988-04-22 17:35:48'),
(270, 10, 270, '2004-10-04 12:08:29'),
(271, 11, 271, '1999-01-19 18:56:27'),
(272, 12, 272, '1973-01-17 06:28:57'),
(273, 13, 273, '2018-11-16 12:41:05'),
(274, 14, 274, '1999-11-05 11:03:49'),
(275, 15, 275, '1997-04-14 12:07:02'),
(276, 16, 276, '1991-01-25 22:48:35'),
(277, 17, 277, '1978-09-11 15:36:30'),
(278, 18, 278, '1985-05-11 11:51:36'),
(279, 19, 279, '1989-06-23 06:06:11'),
(280, 20, 280, '2017-09-08 10:21:51'),
(281, 1, 281, '1974-06-12 07:21:26'),
(282, 2, 282, '1999-03-04 21:55:21'),
(283, 3, 283, '2009-12-01 22:45:05'),
(284, 4, 284, '2012-11-22 20:28:43'),
(285, 5, 285, '1971-08-18 19:35:21'),
(286, 6, 286, '1994-05-06 03:48:51'),
(287, 7, 287, '1979-02-19 17:51:03'),
(288, 8, 288, '1976-06-05 07:40:07'),
(289, 9, 289, '1976-03-02 00:36:09'),
(290, 10, 290, '1992-03-04 18:57:17'),
(291, 11, 291, '1984-03-11 00:25:14'),
(292, 12, 292, '2004-11-21 07:25:56'),
(293, 13, 293, '2013-03-20 23:09:47'),
(294, 14, 294, '1984-05-20 20:02:04'),
(295, 15, 295, '1991-08-07 21:03:11'),
(296, 16, 296, '1992-03-20 06:06:24'),
(297, 17, 297, '1977-12-09 08:37:47'),
(298, 18, 298, '1989-02-26 16:08:40'),
(299, 19, 299, '2005-11-21 11:12:57'),
(300, 20, 300, '2005-02-16 16:48:55');

--
-- Indexes for dumped tables
--

--
-- Indexes for table `company`
--
ALTER TABLE `company`
  ADD PRIMARY KEY (`id`);

--
-- Indexes for table `division`
--
ALTER TABLE `division`
  ADD PRIMARY KEY (`id`);

--
-- Indexes for table `live_streaming`
--
ALTER TABLE `live_streaming`
  ADD PRIMARY KEY (`id`);

--
-- Indexes for table `message`
--
ALTER TABLE `message`
  ADD PRIMARY KEY (`id`);

--
-- Indexes for table `position`
--
ALTER TABLE `position`
  ADD PRIMARY KEY (`id`);

--
-- Indexes for table `sub_division`
--
ALTER TABLE `sub_division`
  ADD PRIMARY KEY (`id`);

--
-- Indexes for table `user`
--
ALTER TABLE `user`
  ADD PRIMARY KEY (`id`),
  ADD UNIQUE KEY `phone_number` (`phone_number`),
  ADD UNIQUE KEY `phone_number_2` (`phone_number`),
  ADD UNIQUE KEY `email` (`email`),
  ADD KEY `username` (`username`);

--
-- Indexes for table `vidio`
--
ALTER TABLE `vidio`
  ADD PRIMARY KEY (`id`);

--
-- Indexes for table `voip`
--
ALTER TABLE `voip`
  ADD PRIMARY KEY (`id`);

--
-- AUTO_INCREMENT for dumped tables
--

--
-- AUTO_INCREMENT for table `company`
--
ALTER TABLE `company`
  MODIFY `id` int(10) NOT NULL AUTO_INCREMENT, AUTO_INCREMENT=21;
--
-- AUTO_INCREMENT for table `division`
--
ALTER TABLE `division`
  MODIFY `id` int(10) NOT NULL AUTO_INCREMENT, AUTO_INCREMENT=101;
--
-- AUTO_INCREMENT for table `live_streaming`
--
ALTER TABLE `live_streaming`
  MODIFY `id` int(20) NOT NULL AUTO_INCREMENT, AUTO_INCREMENT=401;
--
-- AUTO_INCREMENT for table `message`
--
ALTER TABLE `message`
  MODIFY `id` int(20) NOT NULL AUTO_INCREMENT, AUTO_INCREMENT=301;
--
-- AUTO_INCREMENT for table `position`
--
ALTER TABLE `position`
  MODIFY `id` int(10) NOT NULL AUTO_INCREMENT, AUTO_INCREMENT=11;
--
-- AUTO_INCREMENT for table `sub_division`
--
ALTER TABLE `sub_division`
  MODIFY `id` int(10) NOT NULL AUTO_INCREMENT, AUTO_INCREMENT=301;
--
-- AUTO_INCREMENT for table `user`
--
ALTER TABLE `user`
  MODIFY `id` int(10) NOT NULL AUTO_INCREMENT, AUTO_INCREMENT=1801;
--
-- AUTO_INCREMENT for table `vidio`
--
ALTER TABLE `vidio`
  MODIFY `id` int(20) NOT NULL AUTO_INCREMENT, AUTO_INCREMENT=301;
--
-- AUTO_INCREMENT for table `voip`
--
ALTER TABLE `voip`
  MODIFY `id` int(20) NOT NULL AUTO_INCREMENT, AUTO_INCREMENT=301;
/*!40101 SET CHARACTER_SET_CLIENT=@OLD_CHARACTER_SET_CLIENT */;
/*!40101 SET CHARACTER_SET_RESULTS=@OLD_CHARACTER_SET_RESULTS */;
/*!40101 SET COLLATION_CONNECTION=@OLD_COLLATION_CONNECTION */;
