-- phpMyAdmin SQL Dump
-- version 4.5.4.1deb2ubuntu2.1
-- http://www.phpmyadmin.net
--
-- Host: localhost
-- Generation Time: Feb 21, 2019 at 04:10 PM
-- Server version: 5.7.25-0ubuntu0.16.04.2
-- PHP Version: 7.0.33-0ubuntu0.16.04.1

SET SQL_MODE = "NO_AUTO_VALUE_ON_ZERO";
SET time_zone = "+00:00";


/*!40101 SET @OLD_CHARACTER_SET_CLIENT=@@CHARACTER_SET_CLIENT */;
/*!40101 SET @OLD_CHARACTER_SET_RESULTS=@@CHARACTER_SET_RESULTS */;
/*!40101 SET @OLD_COLLATION_CONNECTION=@@COLLATION_CONNECTION */;
/*!40101 SET NAMES utf8mb4 */;

--
-- Database: `indihub`
--

-- --------------------------------------------------------

--
-- Table structure for table `access`
--

CREATE TABLE `access` (
  `id` int(10) NOT NULL,
  `username` varchar(100) NOT NULL,
  `password` varchar(50) NOT NULL,
  `email` varchar(100) NOT NULL,
  `name` varchar(255) NOT NULL DEFAULT 'Admin'
) ENGINE=InnoDB DEFAULT CHARSET=latin1;

--
-- Dumping data for table `access`
--

INSERT INTO `access` (`id`, `username`, `password`, `email`, `name`) VALUES
(1, 'admin', 'admin', 'admin@gmail.com', 'Admin');

-- --------------------------------------------------------

--
-- Table structure for table `company`
--

CREATE TABLE `company` (
  `id_company` int(10) NOT NULL,
  `name` varchar(100) NOT NULL
) ENGINE=InnoDB DEFAULT CHARSET=utf8;

--
-- Dumping data for table `company`
--

INSERT INTO `company` (`id_company`, `name`) VALUES
(1, 'Kwilith'),
(2, 'Devify'),
(3, 'Edgeclub'),
(4, 'Divanoodle'),
(5, 'Skajo'),
(6, 'Feedspan'),
(7, 'Babblestorm'),
(8, 'Oyoloo'),
(9, 'Topiclounge'),
(10, 'JumpXS'),
(11, 'Oyoyo'),
(12, 'Dynazzy'),
(13, 'Trudeo'),
(14, 'Browsebug'),
(15, 'Tazzy'),
(16, 'Nlounge'),
(17, 'Wikizz'),
(18, 'Edgeify'),
(19, 'Dynazzy'),
(20, 'Snaptags');

-- --------------------------------------------------------

--
-- Table structure for table `division`
--

CREATE TABLE `division` (
  `id_division` int(10) NOT NULL,
  `id_company` int(10) NOT NULL,
  `name` varchar(100) NOT NULL
) ENGINE=InnoDB DEFAULT CHARSET=utf8;

--
-- Dumping data for table `division`
--

INSERT INTO `division` (`id_division`, `id_company`, `name`) VALUES
(1, 5, 'Cassin, Rosenbaum and Cronin'),
(2, 14, 'Haley-Emard'),
(3, 8, 'Carter LLC'),
(4, 3, 'Runolfsdottir and Sons'),
(5, 4, 'Pouros Inc'),
(6, 2, 'Berge, Gerlach and Schmidt'),
(7, 6, 'Sauer, Schuppe and Marks'),
(8, 12, 'Brakus and Sons'),
(9, 6, 'Buckridge, Sawayn and Ward'),
(10, 7, 'McLaughlin Group'),
(11, 11, 'Schroeder, Predovic and Gutmann'),
(12, 4, 'Dicki LLC'),
(13, 6, 'Feil-Predovic'),
(14, 3, 'Botsford and Sons'),
(15, 17, 'Kihn-Kshlerin'),
(16, 18, 'Boyer-Fisher'),
(17, 2, 'Breitenberg, Keebler and Beatty'),
(18, 8, 'Bernhard, Hartmann and Hintz'),
(19, 18, 'Dibbert and Sons'),
(20, 9, 'Pollich, Lehner and Rutherford'),
(21, 6, 'Rau Group'),
(22, 16, 'Romaguera-Farrell'),
(23, 14, 'Fadel-Boehm'),
(24, 7, 'Kertzmann Inc'),
(25, 13, 'Murphy, Cremin and Miller'),
(26, 8, 'Muller, Howell and Conn'),
(27, 14, 'Bins Inc'),
(28, 9, 'Sporer and Sons'),
(29, 12, 'Gerhold Inc'),
(30, 7, 'Stokes-Kohler'),
(31, 3, 'Kutch, Wilderman and Herman'),
(32, 8, 'Aufderhar, Sipes and Flatley'),
(33, 19, 'Bins-Greenholt'),
(34, 18, 'Anderson, Douglas and Wisoky'),
(35, 17, 'Dare LLC'),
(36, 19, 'Ryan, Gutmann and O\'Reilly'),
(37, 12, 'VonRueden-Haley'),
(38, 8, 'Eichmann Group'),
(39, 4, 'Leannon-Williamson'),
(40, 2, 'Schaefer, Schroeder and Fisher'),
(41, 13, 'Gorczany and Sons'),
(42, 7, 'Treutel, Sauer and Reinger'),
(43, 20, 'Ankunding, Kunde and Zulauf'),
(44, 4, 'Grant Inc'),
(45, 3, 'Runolfsdottir, Pouros and O\'Hara'),
(46, 18, 'Ritchie-Dickinson'),
(47, 20, 'Bahringer LLC'),
(48, 19, 'Pagac Inc'),
(49, 2, 'Davis Group'),
(50, 16, 'Franecki-Pfannerstill'),
(51, 10, 'DuBuque Group'),
(52, 8, 'Wilkinson, Zieme and Runolfsdottir'),
(53, 9, 'Kuhn, Kilback and Schimmel'),
(54, 7, 'Barrows Group'),
(55, 3, 'Hermiston-Carter'),
(56, 8, 'Russel LLC'),
(57, 14, 'O\'Connell-Mosciski'),
(58, 4, 'Jast Inc'),
(59, 7, 'Klein-McLaughlin'),
(60, 20, 'Dach, Collins and Nikolaus'),
(61, 2, 'Grady and Sons'),
(62, 1, 'Kunze, Eichmann and Batz'),
(63, 20, 'Hilll-McLaughlin'),
(64, 4, 'McKenzie, Howe and Reynolds'),
(65, 11, 'Kuhlman, Pfeffer and Mante'),
(66, 15, 'Sporer-Bartoletti'),
(67, 17, 'Armstrong-Kuhn'),
(68, 3, 'Schaden-Rohan'),
(69, 2, 'Beer-Smitham'),
(70, 11, 'Harris, Kilback and Shanahan'),
(71, 19, 'Thiel LLC'),
(72, 3, 'Thiel-Bauch'),
(73, 5, 'Conroy and Sons'),
(74, 9, 'Schneider-Casper'),
(75, 11, 'Kuhn, Cassin and Goldner'),
(76, 12, 'McClure, Legros and Reichert'),
(77, 4, 'Rolfson LLC'),
(78, 4, 'Beier Group'),
(79, 12, 'Legros, Treutel and Thiel'),
(80, 19, 'Larkin Inc'),
(81, 3, 'Kuhn LLC'),
(82, 17, 'Yundt-Kub'),
(83, 11, 'Stark and Sons'),
(84, 19, 'Ryan, Stark and Donnelly'),
(85, 9, 'Jones-Shields'),
(86, 11, 'Kulas, Frami and Carroll'),
(87, 18, 'Parisian, Schumm and Torphy'),
(88, 15, 'Halvorson-Roob'),
(89, 7, 'Durgan-Block'),
(90, 15, 'Sanford-Konopelski'),
(91, 18, 'Pfeffer and Sons'),
(92, 2, 'Hauck-Harvey'),
(93, 4, 'Balistreri and Sons'),
(94, 15, 'Ondricka Group'),
(95, 2, 'Koch-Schuster'),
(96, 17, 'Legros, Zulauf and Franecki'),
(97, 19, 'Emard, Harris and Eichmann'),
(98, 5, 'Hintz, Boehm and Muller'),
(99, 15, 'White, Muller and Schowalter'),
(100, 2, 'Herzog, Frami and Weber');

-- --------------------------------------------------------

--
-- Table structure for table `live_streaming`
--

CREATE TABLE `live_streaming` (
  `id` int(20) NOT NULL,
  `id_sender` int(10) NOT NULL,
  `id_receiver` int(10) NOT NULL,
  `date` datetime NOT NULL DEFAULT CURRENT_TIMESTAMP
) ENGINE=InnoDB DEFAULT CHARSET=utf8;

--
-- Dumping data for table `live_streaming`
--

INSERT INTO `live_streaming` (`id`, `id_sender`, `id_receiver`, `date`) VALUES
(1, 276, 325, '2019-02-26 00:00:00'),
(2, 335, 95, '2019-03-09 00:00:00'),
(3, 36, 200, '2019-03-04 00:00:00'),
(4, 261, 147, '2019-01-11 00:00:00'),
(5, 243, 225, '2019-03-11 00:00:00'),
(6, 213, 114, '2019-03-18 00:00:00'),
(7, 5, 241, '2019-02-13 00:00:00'),
(8, 321, 137, '2019-03-11 00:00:00'),
(9, 232, 177, '2019-02-28 00:00:00'),
(10, 56, 122, '2019-02-27 00:00:00'),
(11, 325, 372, '2019-01-16 00:00:00'),
(12, 56, 399, '2019-02-05 00:00:00'),
(13, 105, 368, '2019-02-12 00:00:00'),
(14, 309, 216, '2019-01-17 00:00:00'),
(15, 400, 363, '2019-01-14 00:00:00'),
(16, 295, 202, '2019-01-30 00:00:00'),
(17, 386, 365, '2019-01-07 00:00:00'),
(18, 9, 259, '2019-02-02 00:00:00'),
(19, 91, 394, '2019-03-12 00:00:00'),
(20, 218, 289, '2019-01-24 00:00:00'),
(21, 212, 229, '2019-01-08 00:00:00'),
(22, 88, 271, '2019-02-15 00:00:00'),
(23, 159, 324, '2019-01-15 00:00:00'),
(24, 171, 351, '2019-03-09 00:00:00'),
(25, 229, 398, '2019-01-21 00:00:00'),
(26, 297, 400, '2019-02-15 00:00:00'),
(27, 114, 127, '2019-03-25 00:00:00'),
(28, 292, 17, '2019-03-05 00:00:00'),
(29, 66, 25, '2019-02-16 00:00:00'),
(30, 46, 56, '2019-01-10 00:00:00'),
(31, 237, 24, '2019-01-14 00:00:00'),
(32, 395, 370, '2019-03-02 00:00:00'),
(33, 274, 211, '2019-01-01 00:00:00'),
(34, 388, 10, '2019-03-13 00:00:00'),
(35, 242, 186, '2019-03-27 00:00:00'),
(36, 177, 256, '2019-01-02 00:00:00'),
(37, 373, 126, '2019-01-18 00:00:00'),
(38, 328, 11, '2019-02-09 00:00:00'),
(39, 9, 198, '2019-03-12 00:00:00'),
(40, 223, 135, '2019-03-03 00:00:00'),
(41, 138, 346, '2019-01-01 00:00:00'),
(42, 94, 252, '2019-03-07 00:00:00'),
(43, 341, 206, '2019-02-04 00:00:00'),
(44, 87, 259, '2019-02-11 00:00:00'),
(45, 257, 296, '2019-03-15 00:00:00'),
(46, 229, 354, '2019-03-15 00:00:00'),
(47, 85, 230, '2019-03-17 00:00:00'),
(48, 238, 199, '2019-02-27 00:00:00'),
(49, 129, 146, '2019-03-17 00:00:00'),
(50, 172, 381, '2019-03-23 00:00:00'),
(51, 59, 82, '2019-01-14 00:00:00'),
(52, 278, 295, '2019-02-12 00:00:00'),
(53, 305, 344, '2019-03-06 00:00:00'),
(54, 179, 8, '2019-02-28 00:00:00'),
(55, 322, 355, '2019-03-24 00:00:00'),
(56, 331, 204, '2019-02-05 00:00:00'),
(57, 50, 40, '2019-01-20 00:00:00'),
(58, 112, 112, '2019-02-05 00:00:00'),
(59, 26, 398, '2019-02-14 00:00:00'),
(60, 26, 340, '2019-03-26 00:00:00'),
(61, 317, 43, '2019-03-11 00:00:00'),
(62, 233, 168, '2019-03-04 00:00:00'),
(63, 350, 289, '2019-01-17 00:00:00'),
(64, 314, 161, '2019-01-20 00:00:00'),
(65, 281, 269, '2019-01-19 00:00:00'),
(66, 257, 4, '2019-03-16 00:00:00'),
(67, 49, 271, '2019-01-26 00:00:00'),
(68, 189, 392, '2019-03-01 00:00:00'),
(69, 299, 207, '2019-02-02 00:00:00'),
(70, 131, 133, '2019-01-11 00:00:00'),
(71, 311, 301, '2019-02-08 00:00:00'),
(72, 43, 2, '2019-01-17 00:00:00'),
(73, 288, 290, '2019-02-18 00:00:00'),
(74, 277, 17, '2019-03-28 00:00:00'),
(75, 130, 302, '2019-02-14 00:00:00'),
(76, 59, 283, '2019-03-05 00:00:00'),
(77, 90, 3, '2019-01-23 00:00:00'),
(78, 139, 208, '2019-03-08 00:00:00'),
(79, 19, 292, '2019-01-15 00:00:00'),
(80, 370, 306, '2019-03-23 00:00:00'),
(81, 74, 226, '2019-03-24 00:00:00'),
(82, 5, 33, '2019-02-16 00:00:00'),
(83, 35, 369, '2019-02-04 00:00:00'),
(84, 282, 325, '2019-01-03 00:00:00'),
(85, 169, 7, '2019-01-23 00:00:00'),
(86, 162, 396, '2019-03-16 00:00:00'),
(87, 72, 241, '2019-03-13 00:00:00'),
(88, 350, 131, '2019-03-01 00:00:00'),
(89, 382, 381, '2019-03-23 00:00:00'),
(90, 37, 21, '2019-02-10 00:00:00'),
(91, 375, 340, '2019-01-28 00:00:00'),
(92, 311, 208, '2019-03-20 00:00:00'),
(93, 128, 351, '2019-02-06 00:00:00'),
(94, 26, 104, '2019-01-12 00:00:00'),
(95, 221, 211, '2019-02-22 00:00:00'),
(96, 9, 239, '2019-02-14 00:00:00'),
(97, 158, 135, '2019-01-02 00:00:00'),
(98, 128, 189, '2019-02-14 00:00:00'),
(99, 248, 176, '2019-03-16 00:00:00'),
(100, 349, 349, '2019-03-15 00:00:00'),
(101, 109, 305, '2019-02-21 00:00:00'),
(102, 384, 61, '2019-03-20 00:00:00'),
(103, 314, 222, '2019-03-07 00:00:00'),
(104, 46, 374, '2019-02-11 00:00:00'),
(105, 7, 227, '2019-01-24 00:00:00'),
(106, 290, 397, '2019-02-19 00:00:00'),
(107, 150, 83, '2019-02-14 00:00:00'),
(108, 197, 151, '2019-03-12 00:00:00'),
(109, 359, 242, '2019-01-27 00:00:00'),
(110, 220, 186, '2019-01-29 00:00:00'),
(111, 159, 361, '2019-02-16 00:00:00'),
(112, 105, 180, '2019-03-15 00:00:00'),
(113, 344, 224, '2019-02-16 00:00:00'),
(114, 355, 182, '2019-01-11 00:00:00'),
(115, 368, 158, '2019-02-23 00:00:00'),
(116, 27, 376, '2019-02-10 00:00:00'),
(117, 316, 1, '2019-02-07 00:00:00'),
(118, 389, 347, '2019-02-07 00:00:00'),
(119, 322, 147, '2019-02-13 00:00:00'),
(120, 247, 252, '2019-03-05 00:00:00'),
(121, 358, 158, '2019-01-26 00:00:00'),
(122, 214, 296, '2019-03-01 00:00:00'),
(123, 279, 22, '2019-01-09 00:00:00'),
(124, 16, 88, '2019-02-19 00:00:00'),
(125, 126, 185, '2019-02-04 00:00:00'),
(126, 363, 41, '2019-03-26 00:00:00'),
(127, 147, 72, '2019-02-14 00:00:00'),
(128, 238, 191, '2019-02-27 00:00:00'),
(129, 154, 352, '2019-03-13 00:00:00'),
(130, 58, 150, '2019-03-04 00:00:00'),
(131, 42, 61, '2019-02-10 00:00:00'),
(132, 276, 269, '2019-01-17 00:00:00'),
(133, 56, 302, '2019-01-09 00:00:00'),
(134, 64, 263, '2019-02-28 00:00:00'),
(135, 374, 90, '2019-02-04 00:00:00'),
(136, 295, 118, '2019-03-10 00:00:00'),
(137, 79, 262, '2019-03-14 00:00:00'),
(138, 351, 94, '2019-03-05 00:00:00'),
(139, 258, 233, '2019-03-12 00:00:00'),
(140, 19, 52, '2019-02-06 00:00:00'),
(141, 390, 280, '2019-03-26 00:00:00'),
(142, 316, 218, '2019-03-17 00:00:00'),
(143, 251, 173, '2019-02-03 00:00:00'),
(144, 298, 72, '2019-01-08 00:00:00'),
(145, 82, 321, '2019-03-05 00:00:00'),
(146, 161, 181, '2019-02-12 00:00:00'),
(147, 258, 50, '2019-03-01 00:00:00'),
(148, 88, 128, '2019-02-23 00:00:00'),
(149, 1, 142, '2019-01-22 00:00:00'),
(150, 140, 287, '2019-03-03 00:00:00'),
(151, 265, 131, '2019-03-17 00:00:00'),
(152, 176, 267, '2019-03-24 00:00:00'),
(153, 149, 2, '2019-01-17 00:00:00'),
(154, 232, 55, '2019-02-25 00:00:00'),
(155, 154, 122, '2019-02-25 00:00:00'),
(156, 219, 140, '2019-02-12 00:00:00'),
(157, 5, 42, '2019-02-04 00:00:00'),
(158, 36, 289, '2019-01-26 00:00:00'),
(159, 363, 330, '2019-03-18 00:00:00'),
(160, 1, 278, '2019-01-11 00:00:00'),
(161, 63, 361, '2019-01-11 00:00:00'),
(162, 102, 239, '2019-02-11 00:00:00'),
(163, 142, 337, '2019-03-22 00:00:00'),
(164, 314, 154, '2019-01-04 00:00:00'),
(165, 362, 98, '2019-01-28 00:00:00'),
(166, 252, 28, '2019-01-20 00:00:00'),
(167, 189, 258, '2019-03-09 00:00:00'),
(168, 4, 187, '2019-03-09 00:00:00'),
(169, 88, 303, '2019-01-31 00:00:00'),
(170, 242, 63, '2019-02-04 00:00:00'),
(171, 212, 182, '2019-03-16 00:00:00'),
(172, 14, 232, '2019-01-02 00:00:00'),
(173, 136, 122, '2019-02-14 00:00:00'),
(174, 289, 336, '2019-01-07 00:00:00'),
(175, 162, 135, '2019-01-03 00:00:00'),
(176, 144, 365, '2019-02-10 00:00:00'),
(177, 316, 310, '2019-03-25 00:00:00'),
(178, 90, 292, '2019-01-06 00:00:00'),
(179, 74, 356, '2019-02-18 00:00:00'),
(180, 306, 358, '2019-03-18 00:00:00'),
(181, 143, 400, '2019-01-19 00:00:00'),
(182, 22, 268, '2019-01-08 00:00:00'),
(183, 177, 248, '2019-01-15 00:00:00'),
(184, 212, 348, '2019-01-20 00:00:00'),
(185, 215, 69, '2019-02-21 00:00:00'),
(186, 354, 84, '2019-03-06 00:00:00'),
(187, 82, 326, '2019-03-13 00:00:00'),
(188, 122, 186, '2019-01-14 00:00:00'),
(189, 54, 345, '2019-01-23 00:00:00'),
(190, 119, 204, '2019-03-15 00:00:00'),
(191, 215, 196, '2019-02-06 00:00:00'),
(192, 378, 157, '2019-02-26 00:00:00'),
(193, 166, 319, '2019-01-17 00:00:00'),
(194, 271, 294, '2019-02-25 00:00:00'),
(195, 254, 322, '2019-03-25 00:00:00'),
(196, 46, 301, '2019-01-29 00:00:00'),
(197, 385, 326, '2019-02-21 00:00:00'),
(198, 387, 377, '2019-03-06 00:00:00'),
(199, 390, 116, '2019-01-03 00:00:00'),
(200, 31, 187, '2019-01-23 00:00:00');

-- --------------------------------------------------------

--
-- Table structure for table `message`
--

CREATE TABLE `message` (
  `id` int(20) NOT NULL,
  `id_sender` int(10) NOT NULL,
  `id_receiver` int(10) NOT NULL,
  `date` datetime NOT NULL DEFAULT CURRENT_TIMESTAMP
) ENGINE=InnoDB DEFAULT CHARSET=utf8;

--
-- Dumping data for table `message`
--

INSERT INTO `message` (`id`, `id_sender`, `id_receiver`, `date`) VALUES
(1, 218, 304, '2019-02-05 00:00:00'),
(2, 101, 194, '2019-02-10 00:00:00'),
(3, 34, 108, '2019-02-21 00:00:00'),
(4, 332, 195, '2019-03-04 00:00:00'),
(5, 369, 357, '2019-02-28 00:00:00'),
(6, 351, 104, '2019-02-07 00:00:00'),
(7, 385, 106, '2019-03-12 00:00:00'),
(8, 219, 81, '2019-01-19 00:00:00'),
(9, 193, 395, '2019-01-25 00:00:00'),
(10, 227, 389, '2019-01-29 00:00:00'),
(11, 254, 360, '2019-03-27 00:00:00'),
(12, 132, 56, '2019-03-27 00:00:00'),
(13, 315, 372, '2019-01-27 00:00:00'),
(14, 229, 399, '2019-03-05 00:00:00'),
(15, 17, 104, '2019-01-01 00:00:00'),
(16, 293, 123, '2019-03-20 00:00:00'),
(17, 91, 333, '2019-02-07 00:00:00'),
(18, 15, 329, '2019-02-05 00:00:00'),
(19, 35, 252, '2019-03-07 00:00:00'),
(20, 320, 23, '2019-01-27 00:00:00'),
(21, 42, 365, '2019-02-06 00:00:00'),
(22, 253, 396, '2019-03-05 00:00:00'),
(23, 20, 28, '2019-03-02 00:00:00'),
(24, 326, 261, '2019-03-16 00:00:00'),
(25, 33, 10, '2019-02-07 00:00:00'),
(26, 173, 73, '2019-03-13 00:00:00'),
(27, 8, 241, '2019-01-09 00:00:00'),
(28, 325, 263, '2019-03-04 00:00:00'),
(29, 3, 273, '2019-03-17 00:00:00'),
(30, 201, 149, '2019-03-16 00:00:00'),
(31, 392, 397, '2019-01-11 00:00:00'),
(32, 286, 113, '2019-02-10 00:00:00'),
(33, 57, 143, '2019-02-12 00:00:00'),
(34, 376, 310, '2019-03-02 00:00:00'),
(35, 387, 139, '2019-02-02 00:00:00'),
(36, 327, 253, '2019-01-03 00:00:00'),
(37, 183, 384, '2019-02-08 00:00:00'),
(38, 226, 281, '2019-03-14 00:00:00'),
(39, 124, 31, '2019-01-14 00:00:00'),
(40, 166, 300, '2019-03-11 00:00:00'),
(41, 6, 163, '2019-03-16 00:00:00'),
(42, 126, 313, '2019-01-25 00:00:00'),
(43, 101, 312, '2019-01-08 00:00:00'),
(44, 266, 89, '2019-03-13 00:00:00'),
(45, 261, 400, '2019-03-20 00:00:00'),
(46, 146, 26, '2019-01-14 00:00:00'),
(47, 381, 77, '2019-03-03 00:00:00'),
(48, 366, 141, '2019-02-24 00:00:00'),
(49, 51, 187, '2019-03-26 00:00:00'),
(50, 282, 87, '2019-02-27 00:00:00'),
(51, 335, 200, '2019-03-16 00:00:00'),
(52, 14, 204, '2019-02-09 00:00:00'),
(53, 341, 354, '2019-02-20 00:00:00'),
(54, 99, 37, '2019-02-09 00:00:00'),
(55, 43, 88, '2019-03-01 00:00:00'),
(56, 141, 123, '2019-02-20 00:00:00'),
(57, 275, 144, '2019-01-26 00:00:00'),
(58, 17, 157, '2019-02-19 00:00:00'),
(59, 152, 21, '2019-01-20 00:00:00'),
(60, 61, 219, '2019-01-25 00:00:00'),
(61, 344, 212, '2019-02-05 00:00:00'),
(62, 282, 238, '2019-01-04 00:00:00'),
(63, 376, 399, '2019-03-09 00:00:00'),
(64, 229, 252, '2019-03-09 00:00:00'),
(65, 50, 254, '2019-01-02 00:00:00'),
(66, 232, 382, '2019-01-11 00:00:00'),
(67, 330, 254, '2019-03-04 00:00:00'),
(68, 112, 129, '2019-03-15 00:00:00'),
(69, 77, 359, '2019-03-25 00:00:00'),
(70, 192, 61, '2019-01-15 00:00:00'),
(71, 62, 292, '2019-02-25 00:00:00'),
(72, 217, 206, '2019-03-06 00:00:00'),
(73, 231, 244, '2019-01-06 00:00:00'),
(74, 286, 224, '2019-01-14 00:00:00'),
(75, 61, 283, '2019-01-28 00:00:00'),
(76, 70, 307, '2019-01-12 00:00:00'),
(77, 69, 35, '2019-03-08 00:00:00'),
(78, 95, 144, '2019-03-19 00:00:00'),
(79, 390, 2, '2019-03-27 00:00:00'),
(80, 181, 286, '2019-02-01 00:00:00'),
(81, 291, 182, '2019-02-10 00:00:00'),
(82, 332, 46, '2019-03-09 00:00:00'),
(83, 171, 339, '2019-02-15 00:00:00'),
(84, 324, 377, '2019-03-13 00:00:00'),
(85, 134, 274, '2019-02-03 00:00:00'),
(86, 76, 191, '2019-03-10 00:00:00'),
(87, 107, 27, '2019-03-11 00:00:00'),
(88, 370, 37, '2019-03-11 00:00:00'),
(89, 289, 357, '2019-02-15 00:00:00'),
(90, 301, 366, '2019-02-13 00:00:00'),
(91, 357, 293, '2019-03-25 00:00:00'),
(92, 208, 309, '2019-03-02 00:00:00'),
(93, 125, 273, '2019-02-03 00:00:00'),
(94, 127, 177, '2019-03-05 00:00:00'),
(95, 19, 265, '2019-02-17 00:00:00'),
(96, 276, 111, '2019-01-24 00:00:00'),
(97, 211, 161, '2019-02-18 00:00:00'),
(98, 251, 351, '2019-02-06 00:00:00'),
(99, 369, 202, '2019-01-21 00:00:00'),
(100, 233, 257, '2019-01-15 00:00:00'),
(101, 361, 394, '2019-02-28 00:00:00'),
(102, 356, 58, '2019-02-05 00:00:00'),
(103, 200, 312, '2019-03-17 00:00:00'),
(104, 214, 270, '2019-01-12 00:00:00'),
(105, 286, 224, '2019-01-23 00:00:00'),
(106, 239, 284, '2019-02-16 00:00:00'),
(107, 360, 107, '2019-02-04 00:00:00'),
(108, 92, 289, '2019-01-26 00:00:00'),
(109, 230, 75, '2019-02-13 00:00:00'),
(110, 164, 120, '2019-02-26 00:00:00'),
(111, 76, 100, '2019-02-01 00:00:00'),
(112, 294, 376, '2019-01-04 00:00:00'),
(113, 321, 76, '2019-03-06 00:00:00'),
(114, 189, 61, '2019-03-06 00:00:00'),
(115, 210, 135, '2019-01-11 00:00:00'),
(116, 123, 378, '2019-02-17 00:00:00'),
(117, 237, 241, '2019-02-17 00:00:00'),
(118, 17, 127, '2019-03-13 00:00:00'),
(119, 108, 74, '2019-02-10 00:00:00'),
(120, 7, 223, '2019-02-10 00:00:00'),
(121, 41, 5, '2019-03-14 00:00:00'),
(122, 269, 213, '2019-01-06 00:00:00'),
(123, 190, 61, '2019-03-03 00:00:00'),
(124, 238, 298, '2019-02-11 00:00:00'),
(125, 284, 374, '2019-01-08 00:00:00'),
(126, 218, 173, '2019-03-09 00:00:00'),
(127, 264, 14, '2019-01-11 00:00:00'),
(128, 145, 392, '2019-03-03 00:00:00'),
(129, 340, 107, '2019-03-27 00:00:00'),
(130, 325, 323, '2019-03-08 00:00:00'),
(131, 216, 239, '2019-02-02 00:00:00'),
(132, 145, 203, '2019-01-06 00:00:00'),
(133, 119, 42, '2019-02-19 00:00:00'),
(134, 284, 237, '2019-01-19 00:00:00'),
(135, 231, 66, '2019-02-11 00:00:00'),
(136, 163, 373, '2019-03-09 00:00:00'),
(137, 245, 43, '2019-01-08 00:00:00'),
(138, 67, 266, '2019-03-29 00:00:00'),
(139, 116, 307, '2019-03-08 00:00:00'),
(140, 160, 152, '2019-01-16 00:00:00'),
(141, 53, 380, '2019-03-07 00:00:00'),
(142, 366, 152, '2019-03-20 00:00:00'),
(143, 198, 313, '2019-03-04 00:00:00'),
(144, 195, 364, '2019-02-02 00:00:00'),
(145, 217, 267, '2019-01-26 00:00:00'),
(146, 386, 269, '2019-03-13 00:00:00'),
(147, 301, 389, '2019-01-20 00:00:00'),
(148, 68, 197, '2019-03-28 00:00:00'),
(149, 343, 141, '2019-03-02 00:00:00'),
(150, 90, 320, '2019-03-02 00:00:00'),
(151, 340, 186, '2019-03-05 00:00:00'),
(152, 56, 181, '2019-03-18 00:00:00'),
(153, 38, 317, '2019-03-14 00:00:00'),
(154, 341, 258, '2019-02-28 00:00:00'),
(155, 218, 78, '2019-03-05 00:00:00'),
(156, 80, 231, '2019-02-13 00:00:00'),
(157, 365, 139, '2019-02-10 00:00:00'),
(158, 270, 295, '2019-02-22 00:00:00'),
(159, 20, 137, '2019-01-30 00:00:00'),
(160, 342, 216, '2019-01-30 00:00:00'),
(161, 162, 144, '2019-03-12 00:00:00'),
(162, 22, 89, '2019-01-22 00:00:00'),
(163, 90, 279, '2019-02-21 00:00:00'),
(164, 308, 55, '2019-02-12 00:00:00'),
(165, 162, 287, '2019-02-04 00:00:00'),
(166, 46, 296, '2019-03-20 00:00:00'),
(167, 344, 334, '2019-02-14 00:00:00'),
(168, 371, 359, '2019-03-21 00:00:00'),
(169, 318, 138, '2019-01-30 00:00:00'),
(170, 47, 214, '2019-02-01 00:00:00'),
(171, 169, 206, '2019-03-13 00:00:00'),
(172, 175, 354, '2019-01-11 00:00:00'),
(173, 73, 353, '2019-01-05 00:00:00'),
(174, 370, 357, '2019-02-07 00:00:00'),
(175, 35, 258, '2019-01-10 00:00:00'),
(176, 149, 15, '2019-01-13 00:00:00'),
(177, 101, 322, '2019-01-19 00:00:00'),
(178, 261, 349, '2019-02-12 00:00:00'),
(179, 343, 131, '2019-03-03 00:00:00'),
(180, 324, 244, '2019-02-02 00:00:00'),
(181, 205, 379, '2019-03-17 00:00:00'),
(182, 396, 203, '2019-03-15 00:00:00'),
(183, 281, 201, '2019-02-07 00:00:00'),
(184, 323, 198, '2019-02-24 00:00:00'),
(185, 14, 110, '2019-01-18 00:00:00'),
(186, 124, 152, '2019-02-24 00:00:00'),
(187, 292, 390, '2019-03-22 00:00:00'),
(188, 309, 223, '2019-01-20 00:00:00'),
(189, 312, 262, '2019-03-18 00:00:00'),
(190, 331, 209, '2019-02-17 00:00:00'),
(191, 121, 335, '2019-02-19 00:00:00'),
(192, 297, 257, '2019-03-12 00:00:00'),
(193, 82, 214, '2019-01-05 00:00:00'),
(194, 336, 136, '2019-03-28 00:00:00'),
(195, 16, 103, '2019-03-05 00:00:00'),
(196, 374, 8, '2019-03-03 00:00:00'),
(197, 381, 154, '2019-02-08 00:00:00'),
(198, 287, 43, '2019-02-01 00:00:00'),
(199, 370, 73, '2019-01-30 00:00:00'),
(200, 400, 67, '2019-01-27 00:00:00');

-- --------------------------------------------------------

--
-- Table structure for table `position`
--

CREATE TABLE `position` (
  `id_position` int(10) NOT NULL,
  `name` varchar(100) NOT NULL
) ENGINE=InnoDB DEFAULT CHARSET=utf8;

--
-- Dumping data for table `position`
--

INSERT INTO `position` (`id_position`, `name`) VALUES
(1, 'Senior Financial Analyst'),
(2, 'Senior Quality Engineer'),
(3, 'Quality Control Specialist'),
(4, 'Dental Hygienist'),
(5, 'Pharmacist'),
(6, 'Civil Engineer'),
(7, 'Web Designer IV'),
(8, 'Senior Editor'),
(9, 'Quality Control Specialist'),
(10, 'Account Coordinator');

-- --------------------------------------------------------

--
-- Table structure for table `sub_division`
--

CREATE TABLE `sub_division` (
  `id_sub_division` int(10) NOT NULL,
  `id_division` int(10) NOT NULL,
  `name` varchar(100) NOT NULL
) ENGINE=InnoDB DEFAULT CHARSET=utf8;

--
-- Dumping data for table `sub_division`
--

INSERT INTO `sub_division` (`id_sub_division`, `id_division`, `name`) VALUES
(1, 10, 'Training'),
(2, 24, 'Services'),
(3, 5, 'Services'),
(4, 7, 'Human Resources'),
(5, 60, 'Engineering'),
(6, 1, 'Sales'),
(7, 5, 'Marketing'),
(8, 53, 'Legal'),
(9, 94, 'Training'),
(10, 52, 'Marketing'),
(11, 40, 'Support'),
(12, 58, 'Services'),
(13, 33, 'Legal'),
(14, 59, 'Training'),
(15, 80, 'Product Management'),
(16, 95, 'Accounting'),
(17, 44, 'Legal'),
(18, 57, 'Research and Development'),
(19, 74, 'Human Resources'),
(20, 50, 'Services'),
(21, 16, 'Sales'),
(22, 28, 'Training'),
(23, 68, 'Training'),
(24, 20, 'Research and Development'),
(25, 16, 'Marketing'),
(26, 53, 'Services'),
(27, 94, 'Human Resources'),
(28, 3, 'Training'),
(29, 34, 'Marketing'),
(30, 66, 'Business Development'),
(31, 86, 'Research and Development'),
(32, 82, 'Research and Development'),
(33, 11, 'Business Development'),
(34, 77, 'Accounting'),
(35, 16, 'Services'),
(36, 55, 'Business Development'),
(37, 11, 'Research and Development'),
(38, 98, 'Human Resources'),
(39, 61, 'Legal'),
(40, 94, 'Research and Development'),
(41, 57, 'Human Resources'),
(42, 50, 'Marketing'),
(43, 41, 'Research and Development'),
(44, 63, 'Support'),
(45, 60, 'Accounting'),
(46, 91, 'Marketing'),
(47, 47, 'Legal'),
(48, 75, 'Services'),
(49, 4, 'Accounting'),
(50, 60, 'Accounting'),
(51, 71, 'Product Management'),
(52, 80, 'Support'),
(53, 81, 'Business Development'),
(54, 10, 'Accounting'),
(55, 71, 'Research and Development'),
(56, 36, 'Engineering'),
(57, 13, 'Human Resources'),
(58, 57, 'Engineering'),
(59, 25, 'Human Resources'),
(60, 47, 'Engineering'),
(61, 72, 'Human Resources'),
(62, 100, 'Accounting'),
(63, 53, 'Sales'),
(64, 55, 'Marketing'),
(65, 64, 'Services'),
(66, 63, 'Product Management'),
(67, 92, 'Engineering'),
(68, 34, 'Marketing'),
(69, 80, 'Engineering'),
(70, 92, 'Services'),
(71, 82, 'Marketing'),
(72, 59, 'Business Development'),
(73, 38, 'Product Management'),
(74, 69, 'Engineering'),
(75, 47, 'Engineering'),
(76, 48, 'Support'),
(77, 73, 'Product Management'),
(78, 69, 'Sales'),
(79, 26, 'Engineering'),
(80, 54, 'Services'),
(81, 91, 'Product Management'),
(82, 67, 'Product Management'),
(83, 31, 'Legal'),
(84, 76, 'Support'),
(85, 75, 'Product Management'),
(86, 79, 'Accounting'),
(87, 51, 'Engineering'),
(88, 88, 'Product Management'),
(89, 52, 'Sales'),
(90, 90, 'Marketing'),
(91, 36, 'Training'),
(92, 65, 'Human Resources'),
(93, 1, 'Accounting'),
(94, 57, 'Services'),
(95, 38, 'Human Resources'),
(96, 99, 'Services'),
(97, 55, 'Product Management'),
(98, 39, 'Training'),
(99, 69, 'Sales'),
(100, 94, 'Training'),
(101, 36, 'Research and Development'),
(102, 20, 'Sales'),
(103, 30, 'Business Development'),
(104, 87, 'Marketing'),
(105, 50, 'Product Management'),
(106, 31, 'Marketing'),
(107, 37, 'Services'),
(108, 12, 'Product Management'),
(109, 85, 'Support'),
(110, 44, 'Legal'),
(111, 94, 'Legal'),
(112, 37, 'Accounting'),
(113, 16, 'Business Development'),
(114, 68, 'Research and Development'),
(115, 48, 'Engineering'),
(116, 55, 'Legal'),
(117, 30, 'Legal'),
(118, 58, 'Training'),
(119, 2, 'Business Development'),
(120, 77, 'Accounting'),
(121, 37, 'Support'),
(122, 76, 'Research and Development'),
(123, 75, 'Research and Development'),
(124, 14, 'Accounting'),
(125, 78, 'Support'),
(126, 55, 'Support'),
(127, 2, 'Sales'),
(128, 84, 'Support'),
(129, 94, 'Research and Development'),
(130, 75, 'Services'),
(131, 99, 'Engineering'),
(132, 74, 'Accounting'),
(133, 54, 'Accounting'),
(134, 49, 'Human Resources'),
(135, 25, 'Services'),
(136, 95, 'Support'),
(137, 37, 'Product Management'),
(138, 12, 'Business Development'),
(139, 75, 'Support'),
(140, 47, 'Human Resources'),
(141, 34, 'Sales'),
(142, 52, 'Services'),
(143, 4, 'Training'),
(144, 62, 'Training'),
(145, 13, 'Support'),
(146, 88, 'Sales'),
(147, 24, 'Research and Development'),
(148, 80, 'Support'),
(149, 93, 'Support'),
(150, 68, 'Research and Development'),
(151, 50, 'Accounting'),
(152, 53, 'Human Resources'),
(153, 75, 'Accounting'),
(154, 83, 'Human Resources'),
(155, 71, 'Services'),
(156, 75, 'Marketing'),
(157, 73, 'Legal'),
(158, 10, 'Marketing'),
(159, 38, 'Human Resources'),
(160, 32, 'Training'),
(161, 53, 'Training'),
(162, 49, 'Business Development'),
(163, 16, 'Support'),
(164, 16, 'Research and Development'),
(165, 79, 'Engineering'),
(166, 17, 'Legal'),
(167, 49, 'Engineering'),
(168, 57, 'Training'),
(169, 93, 'Legal'),
(170, 86, 'Engineering'),
(171, 25, 'Product Management'),
(172, 73, 'Training'),
(173, 2, 'Marketing'),
(174, 63, 'Business Development'),
(175, 42, 'Training'),
(176, 33, 'Services'),
(177, 30, 'Engineering'),
(178, 11, 'Product Management'),
(179, 70, 'Services'),
(180, 20, 'Marketing'),
(181, 30, 'Human Resources'),
(182, 44, 'Services'),
(183, 17, 'Services'),
(184, 73, 'Support'),
(185, 41, 'Sales'),
(186, 48, 'Legal'),
(187, 93, 'Legal'),
(188, 13, 'Services'),
(189, 58, 'Sales'),
(190, 36, 'Business Development'),
(191, 56, 'Sales'),
(192, 87, 'Human Resources'),
(193, 84, 'Research and Development'),
(194, 76, 'Marketing'),
(195, 93, 'Sales'),
(196, 60, 'Support'),
(197, 90, 'Accounting'),
(198, 47, 'Support'),
(199, 34, 'Product Management'),
(200, 37, 'Marketing'),
(201, 79, 'Human Resources'),
(202, 76, 'Sales'),
(203, 96, 'Research and Development'),
(204, 38, 'Product Management'),
(205, 84, 'Human Resources'),
(206, 93, 'Business Development'),
(207, 17, 'Services'),
(208, 30, 'Support'),
(209, 56, 'Support'),
(210, 53, 'Accounting'),
(211, 11, 'Training'),
(212, 28, 'Business Development'),
(213, 65, 'Engineering'),
(214, 82, 'Sales'),
(215, 76, 'Marketing'),
(216, 35, 'Accounting'),
(217, 44, 'Business Development'),
(218, 85, 'Research and Development'),
(219, 3, 'Sales'),
(220, 97, 'Services'),
(221, 44, 'Human Resources'),
(222, 2, 'Human Resources'),
(223, 39, 'Services'),
(224, 61, 'Sales'),
(225, 24, 'Marketing'),
(226, 69, 'Accounting'),
(227, 50, 'Training'),
(228, 37, 'Business Development'),
(229, 44, 'Engineering'),
(230, 96, 'Legal'),
(231, 41, 'Services'),
(232, 64, 'Business Development'),
(233, 94, 'Engineering'),
(234, 13, 'Business Development'),
(235, 73, 'Sales'),
(236, 49, 'Product Management'),
(237, 45, 'Services'),
(238, 14, 'Human Resources'),
(239, 71, 'Training'),
(240, 14, 'Accounting'),
(241, 74, 'Legal'),
(242, 37, 'Sales'),
(243, 86, 'Legal'),
(244, 8, 'Support'),
(245, 28, 'Support'),
(246, 4, 'Product Management'),
(247, 37, 'Accounting'),
(248, 31, 'Services'),
(249, 68, 'Human Resources'),
(250, 77, 'Marketing'),
(251, 58, 'Product Management'),
(252, 14, 'Sales'),
(253, 76, 'Engineering'),
(254, 2, 'Legal'),
(255, 16, 'Legal'),
(256, 35, 'Legal'),
(257, 47, 'Human Resources'),
(258, 68, 'Research and Development'),
(259, 22, 'Product Management'),
(260, 54, 'Engineering'),
(261, 99, 'Legal'),
(262, 39, 'Product Management'),
(263, 94, 'Business Development'),
(264, 38, 'Accounting'),
(265, 75, 'Legal'),
(266, 93, 'Legal'),
(267, 93, 'Business Development'),
(268, 59, 'Business Development'),
(269, 37, 'Training'),
(270, 54, 'Services'),
(271, 5, 'Product Management'),
(272, 44, 'Support'),
(273, 81, 'Legal'),
(274, 24, 'Product Management'),
(275, 83, 'Accounting'),
(276, 16, 'Business Development'),
(277, 24, 'Product Management'),
(278, 78, 'Engineering'),
(279, 11, 'Services'),
(280, 62, 'Sales'),
(281, 75, 'Accounting'),
(282, 28, 'Legal'),
(283, 35, 'Product Management'),
(284, 95, 'Research and Development'),
(285, 24, 'Product Management'),
(286, 59, 'Accounting'),
(287, 19, 'Services'),
(288, 55, 'Product Management'),
(289, 31, 'Accounting'),
(290, 79, 'Business Development'),
(291, 89, 'Research and Development'),
(292, 19, 'Business Development'),
(293, 32, 'Sales'),
(294, 77, 'Legal'),
(295, 19, 'Training'),
(296, 80, 'Training'),
(297, 75, 'Training'),
(298, 3, 'Support'),
(299, 84, 'Research and Development'),
(300, 96, 'Product Management');

-- --------------------------------------------------------

--
-- Table structure for table `user`
--

CREATE TABLE `user` (
  `id_user` int(10) NOT NULL,
  `name` varchar(255) NOT NULL,
  `phone_number` varchar(14) NOT NULL,
  `email` varchar(50) NOT NULL,
  `id_company` int(10) NOT NULL,
  `id_division` int(10) NOT NULL,
  `id_sub_division` int(10) NOT NULL,
  `id_position` int(10) NOT NULL,
  `date` datetime NOT NULL DEFAULT CURRENT_TIMESTAMP,
  `status` int(1) NOT NULL DEFAULT '1'
) ENGINE=InnoDB DEFAULT CHARSET=utf8;

--
-- Dumping data for table `user`
--

INSERT INTO `user` (`id_user`, `name`, `phone_number`, `email`, `id_company`, `id_division`, `id_sub_division`, `id_position`, `date`, `status`) VALUES
(1, 'Nicole Rylands', '208-303-9067', 'nrylands0@goo.ne.jp', 5, 28, 131, 9, '2019-02-22 00:00:00', 1),
(2, 'Mozes McGregor', '499-906-1192', 'mmcgregor1@deviantart.com', 14, 90, 105, 3, '2019-01-04 00:00:00', 1),
(3, 'Kinsley Moen', '651-942-6871', 'kmoen2@nationalgeographic.com', 11, 95, 215, 7, '2019-01-24 00:00:00', 1),
(4, 'Coleman Borleace', '729-297-4898', 'cborleace3@tinypic.com', 12, 75, 162, 1, '2019-03-17 00:00:00', 0),
(5, 'Nicholas Raffon', '711-213-0246', 'nraffon4@freewebs.com', 6, 77, 267, 6, '2019-01-28 00:00:00', 1),
(6, 'Dolly Melledy', '742-412-1671', 'dmelledy5@nps.gov', 8, 41, 11, 6, '2019-02-12 00:00:00', 1),
(7, 'Roma Macey', '608-985-6436', 'rmacey6@nifty.com', 18, 96, 53, 5, '2019-02-17 00:00:00', 0),
(8, 'Jaimie Filov', '767-591-5290', 'jfilov7@lulu.com', 9, 95, 127, 5, '2019-01-18 00:00:00', 0),
(9, 'Gregorius Hartle', '528-766-9602', 'ghartle8@tamu.edu', 16, 38, 156, 5, '2019-02-08 00:00:00', 1),
(10, 'Renelle Buttle', '262-189-3071', 'rbuttle9@wikia.com', 3, 42, 243, 2, '2019-03-27 00:00:00', 0),
(11, 'Eryn Spackman', '257-211-1543', 'espackmana@disqus.com', 1, 80, 249, 9, '2019-03-06 00:00:00', 1),
(12, 'Arlen Fandrich', '490-882-3854', 'afandrichb@php.net', 16, 58, 171, 9, '2019-02-27 00:00:00', 0),
(13, 'Linell Callaway', '943-732-6909', 'lcallawayc@samsung.com', 3, 93, 72, 1, '2019-03-04 00:00:00', 1),
(14, 'Lynea Fairlem', '955-604-6362', 'lfairlemd@digg.com', 5, 77, 29, 2, '2019-03-19 00:00:00', 0),
(15, 'Aldrich Gairdner', '602-528-2207', 'agairdnere@simplemachines.org', 6, 12, 172, 2, '2019-01-08 00:00:00', 0),
(16, 'Jenna Josum', '623-938-8250', 'jjosumf@reverbnation.com', 20, 94, 32, 3, '2019-01-16 00:00:00', 1),
(17, 'Molli Di Baudi', '904-181-2587', 'mdig@wufoo.com', 2, 98, 180, 9, '2019-03-22 00:00:00', 0),
(18, 'Jo-anne Horsefield', '181-538-1420', 'jhorsefieldh@upenn.edu', 14, 2, 278, 3, '2019-01-25 00:00:00', 0),
(19, 'Bryn Lippitt', '706-216-5387', 'blippitti@va.gov', 4, 49, 32, 5, '2019-01-07 00:00:00', 0),
(20, 'Gus Tollady', '669-912-2403', 'gtolladyj@deviantart.com', 5, 80, 115, 3, '2019-03-01 00:00:00', 0),
(21, 'Bekki Porte', '364-832-3084', 'bportek@reuters.com', 6, 5, 4, 3, '2019-01-24 00:00:00', 1),
(22, 'Jamill Athy', '325-922-1408', 'jathyl@prnewswire.com', 14, 53, 299, 4, '2019-02-12 00:00:00', 0),
(23, 'Kristy Leer', '412-630-2117', 'kleerm@purevolume.com', 9, 58, 75, 3, '2019-02-02 00:00:00', 0),
(24, 'Lorens Jupe', '413-686-8829', 'ljupen@squarespace.com', 1, 18, 276, 10, '2019-01-20 00:00:00', 1),
(25, 'Romy Caldwell', '301-550-5703', 'rcaldwello@bbb.org', 3, 53, 112, 4, '2019-02-22 00:00:00', 0),
(26, 'Lizzie Blaylock', '931-336-3750', 'lblaylockp@skyrock.com', 7, 31, 91, 2, '2019-02-14 00:00:00', 0),
(27, 'Alice Driuzzi', '816-336-3801', 'adriuzziq@domainmarket.com', 9, 25, 73, 1, '2019-02-07 00:00:00', 0),
(28, 'Corinna Polendine', '791-757-1558', 'cpolendiner@ning.com', 9, 74, 100, 8, '2019-03-05 00:00:00', 0),
(29, 'Norbert Godsil', '519-136-4553', 'ngodsils@simplemachines.org', 18, 3, 151, 10, '2019-01-15 00:00:00', 1),
(30, 'Marlane Hunnawill', '666-484-7330', 'mhunnawillt@g.co', 12, 50, 108, 10, '2019-02-14 00:00:00', 1),
(31, 'Wheeler Pollie', '640-896-7641', 'wpollieu@surveymonkey.com', 15, 99, 215, 7, '2019-01-06 00:00:00', 1),
(32, 'Garnette Grimwood', '820-323-1506', 'ggrimwoodv@infoseek.co.jp', 10, 69, 178, 7, '2019-01-24 00:00:00', 1),
(33, 'Romonda Jessep', '371-536-2411', 'rjessepw@shinystat.com', 19, 47, 36, 1, '2019-02-06 00:00:00', 1),
(34, 'Melania Solano', '511-610-9322', 'msolanox@yahoo.com', 6, 79, 144, 1, '2019-02-09 00:00:00', 1),
(35, 'Cherlyn Brewer', '558-891-3949', 'cbrewery@china.com.cn', 4, 58, 222, 10, '2019-03-23 00:00:00', 0),
(36, 'Karrie Chown', '731-775-3679', 'kchownz@ihg.com', 6, 98, 210, 1, '2019-02-12 00:00:00', 0),
(37, 'Huntley Simond', '577-803-6916', 'hsimond10@google.com.au', 16, 80, 18, 2, '2019-02-01 00:00:00', 0),
(38, 'Skipp Bras', '861-245-6587', 'sbras11@liveinternet.ru', 11, 57, 3, 9, '2019-01-24 00:00:00', 0),
(39, 'Adrianne Durkin', '887-800-4208', 'adurkin12@photobucket.com', 7, 92, 112, 2, '2019-03-09 00:00:00', 1),
(40, 'Wiatt Granger', '799-958-0935', 'wgranger13@theglobeandmail.com', 18, 2, 150, 3, '2019-03-29 00:00:00', 0),
(41, 'Olvan Ridoutt', '708-788-6463', 'oridoutt14@woothemes.com', 8, 34, 191, 1, '2019-03-20 00:00:00', 1),
(42, 'Micheline Reddoch', '906-505-5885', 'mreddoch15@kickstarter.com', 18, 92, 53, 4, '2019-01-06 00:00:00', 0),
(43, 'Mikkel Zupo', '392-408-2307', 'mzupo16@cnbc.com', 13, 66, 237, 9, '2019-03-08 00:00:00', 1),
(44, 'Claybourne Sinden', '555-791-7054', 'csinden17@technorati.com', 5, 1, 69, 9, '2019-01-29 00:00:00', 0),
(45, 'Burtie Haresign', '840-684-2364', 'bharesign18@icio.us', 7, 83, 231, 10, '2019-01-18 00:00:00', 1),
(46, 'Nikoletta Eaken', '694-619-3344', 'neaken19@wikispaces.com', 2, 34, 227, 10, '2019-02-01 00:00:00', 0),
(47, 'Curt Tanman', '220-592-0233', 'ctanman1a@example.com', 14, 25, 175, 7, '2019-01-10 00:00:00', 0),
(48, 'Sandi Lindenfeld', '819-332-8898', 'slindenfeld1b@gov.uk', 8, 87, 13, 7, '2019-03-27 00:00:00', 0),
(49, 'Patrick Tellenbach', '702-703-0825', 'ptellenbach1c@reference.com', 8, 21, 202, 4, '2019-01-18 00:00:00', 0),
(50, 'Staffard Bertelet', '487-583-2429', 'sbertelet1d@narod.ru', 8, 66, 168, 7, '2019-03-16 00:00:00', 0),
(51, 'Camellia Bristow', '559-343-5784', 'cbristow1e@ezinearticles.com', 12, 64, 95, 3, '2019-03-27 00:00:00', 0),
(52, 'Suzanne Futcher', '301-689-5220', 'sfutcher1f@delicious.com', 11, 42, 150, 7, '2019-02-27 00:00:00', 0),
(53, 'Gale Isles', '406-247-2265', 'gisles1g@cam.ac.uk', 19, 95, 172, 3, '2019-01-16 00:00:00', 0),
(54, 'Ari Vedeniktov', '624-800-3455', 'avedeniktov1h@aboutads.info', 15, 47, 5, 9, '2019-01-05 00:00:00', 1),
(55, 'Farly Parzis', '267-506-4362', 'fparzis1i@who.int', 20, 82, 13, 5, '2019-01-12 00:00:00', 0),
(56, 'Georgie Kezourec', '865-839-3803', 'gkezourec1j@gmpg.org', 7, 21, 7, 5, '2019-01-24 00:00:00', 0),
(57, 'Tracee Yakubowicz', '146-228-0372', 'tyakubowicz1k@tinyurl.com', 3, 14, 191, 8, '2019-01-09 00:00:00', 0),
(58, 'Hermy Meeny', '913-269-0225', 'hmeeny1l@usatoday.com', 3, 72, 24, 8, '2019-01-06 00:00:00', 1),
(59, 'Silvester Lindelof', '112-134-6452', 'slindelof1m@marriott.com', 3, 95, 259, 4, '2019-01-25 00:00:00', 1),
(60, 'Ludovika Wyman', '398-112-5985', 'lwyman1n@jugem.jp', 1, 86, 225, 6, '2019-01-30 00:00:00', 1),
(61, 'Vicky Cleal', '718-930-3151', 'vcleal1o@sphinn.com', 6, 21, 201, 4, '2019-03-15 00:00:00', 1),
(62, 'Minna Scholefield', '893-342-8676', 'mscholefield1p@people.com.cn', 3, 13, 222, 3, '2019-03-05 00:00:00', 0),
(63, 'Kalina Wandrach', '814-442-0134', 'kwandrach1q@dmoz.org', 2, 50, 95, 5, '2019-03-14 00:00:00', 1),
(64, 'Stavros Ennor', '204-242-9476', 'sennor1r@foxnews.com', 7, 38, 101, 1, '2019-03-06 00:00:00', 1),
(65, 'Casi McQuilkin', '385-605-1825', 'cmcquilkin1s@addthis.com', 11, 79, 117, 5, '2019-01-09 00:00:00', 1),
(66, 'Tracee Clemow', '833-339-8630', 'tclemow1t@elpais.com', 12, 15, 211, 8, '2019-01-08 00:00:00', 0),
(67, 'Happy Poulgreen', '890-945-1741', 'hpoulgreen1u@twitpic.com', 12, 36, 132, 10, '2019-01-30 00:00:00', 1),
(68, 'Elena Wrintmore', '500-595-9825', 'ewrintmore1v@home.pl', 2, 40, 130, 2, '2019-03-24 00:00:00', 0),
(69, 'Evaleen Chason', '537-518-0703', 'echason1w@tiny.cc', 19, 30, 100, 4, '2019-01-13 00:00:00', 1),
(70, 'Cristin Gullifant', '831-630-7487', 'cgullifant1x@sun.com', 18, 43, 69, 10, '2019-03-03 00:00:00', 0),
(71, 'Jakob Mayes', '178-210-9728', 'jmayes1y@wikipedia.org', 2, 64, 4, 7, '2019-01-11 00:00:00', 1),
(72, 'Kaiser Dibson', '516-595-4386', 'kdibson1z@behance.net', 18, 73, 82, 8, '2019-03-10 00:00:00', 0),
(73, 'Wallas Tunney', '206-310-3369', 'wtunney20@cloudflare.com', 8, 1, 249, 3, '2019-02-05 00:00:00', 0),
(74, 'Angelita Savine', '514-241-9567', 'asavine21@topsy.com', 4, 76, 130, 10, '2019-02-09 00:00:00', 1),
(75, 'Averil Trace', '152-848-5149', 'atrace22@discovery.com', 18, 63, 181, 2, '2019-03-23 00:00:00', 0),
(76, 'Read Domokos', '258-434-1390', 'rdomokos23@moonfruit.com', 1, 64, 58, 7, '2019-03-03 00:00:00', 0),
(77, 'Timothea Tayler', '596-684-8981', 'ttayler24@dagondesign.com', 2, 42, 100, 5, '2019-01-01 00:00:00', 0),
(78, 'Shannan Vasnetsov', '474-155-7230', 'svasnetsov25@barnesandnoble.com', 7, 42, 31, 5, '2019-01-17 00:00:00', 0),
(79, 'Thadeus Logue', '827-371-9105', 'tlogue26@buzzfeed.com', 5, 58, 195, 10, '2019-01-19 00:00:00', 0),
(80, 'Shelagh Swindell', '844-675-4542', 'sswindell27@typepad.com', 4, 18, 147, 7, '2019-02-22 00:00:00', 0),
(81, 'Andrea Petruska', '404-713-0263', 'apetruska28@friendfeed.com', 15, 83, 180, 2, '2019-01-02 00:00:00', 1),
(82, 'Vivyanne Grisdale', '612-992-7986', 'vgrisdale29@pen.io', 7, 16, 28, 6, '2019-02-13 00:00:00', 0),
(83, 'Waiter Bice', '510-706-2587', 'wbice2a@addthis.com', 16, 78, 173, 1, '2019-03-09 00:00:00', 0),
(84, 'Vina Lighton', '522-166-6985', 'vlighton2b@twitpic.com', 2, 17, 170, 9, '2019-01-03 00:00:00', 1),
(85, 'Marney Rutty', '610-145-3699', 'mrutty2c@netvibes.com', 1, 79, 173, 10, '2019-02-11 00:00:00', 1),
(86, 'Letitia Fike', '757-323-8598', 'lfike2d@printfriendly.com', 11, 84, 36, 9, '2019-02-18 00:00:00', 0),
(87, 'Jessie Jaffra', '607-555-1140', 'jjaffra2e@altervista.org', 12, 12, 203, 7, '2019-03-15 00:00:00', 0),
(88, 'Wallis Simchenko', '673-935-4495', 'wsimchenko2f@nature.com', 20, 87, 258, 4, '2019-02-07 00:00:00', 1),
(89, 'Dan Exter', '370-369-9057', 'dexter2g@marriott.com', 11, 6, 72, 7, '2019-03-15 00:00:00', 0),
(90, 'Edee Borrott', '961-427-6186', 'eborrott2h@360.cn', 18, 83, 3, 4, '2019-03-13 00:00:00', 0),
(91, 'Arluene Sparhawk', '910-391-9083', 'asparhawk2i@wisc.edu', 17, 84, 11, 4, '2019-03-27 00:00:00', 0),
(92, 'Baxter Hutchcraft', '634-453-7376', 'bhutchcraft2j@amazon.co.jp', 7, 87, 250, 1, '2019-01-05 00:00:00', 1),
(93, 'Lynn Fulker', '439-425-7513', 'lfulker2k@ning.com', 14, 53, 77, 10, '2019-03-03 00:00:00', 1),
(94, 'Callie Mechell', '881-909-6153', 'cmechell2l@yale.edu', 6, 72, 212, 2, '2019-01-30 00:00:00', 0),
(95, 'Burnaby Giff', '227-339-3421', 'bgiff2m@sfgate.com', 17, 86, 57, 8, '2019-03-02 00:00:00', 0),
(96, 'Wolfgang Chasemore', '169-296-8596', 'wchasemore2n@epa.gov', 3, 1, 241, 3, '2019-03-02 00:00:00', 1),
(97, 'Jillana Edgington', '578-125-7540', 'jedgington2o@youtube.com', 17, 57, 182, 9, '2019-01-29 00:00:00', 0),
(98, 'Casar Estoile', '530-204-4229', 'cestoile2p@indiatimes.com', 3, 62, 212, 7, '2019-01-25 00:00:00', 0),
(99, 'Reynolds McVeigh', '300-668-1111', 'rmcveigh2q@goo.ne.jp', 12, 35, 92, 10, '2019-02-14 00:00:00', 0),
(100, 'Barb Mouland', '991-582-2990', 'bmouland2r@java.com', 2, 84, 26, 3, '2019-03-07 00:00:00', 1),
(101, 'Edvard Beneteau', '177-224-1658', 'ebeneteau2s@hao123.com', 5, 82, 131, 10, '2019-03-14 00:00:00', 1),
(102, 'Jamaal Stubbes', '349-673-8970', 'jstubbes2t@dion.ne.jp', 9, 77, 226, 4, '2019-02-05 00:00:00', 0),
(103, 'Jannelle Speirs', '700-391-7271', 'jspeirs2u@ucla.edu', 9, 75, 197, 7, '2019-03-07 00:00:00', 1),
(104, 'Elinor Tiplady', '498-849-3106', 'etiplady2v@vinaora.com', 13, 83, 37, 6, '2019-03-14 00:00:00', 0),
(105, 'Mahmud Tallowin', '201-978-3213', 'mtallowin2w@youtu.be', 13, 61, 18, 5, '2019-01-03 00:00:00', 1),
(106, 'Dorena Eynon', '881-219-8833', 'deynon2x@about.me', 15, 83, 78, 4, '2019-02-23 00:00:00', 0),
(107, 'Meredith O Sullivan', '602-219-0630', 'mo2y@mysql.com', 11, 36, 63, 6, '2019-01-01 00:00:00', 1),
(108, 'Panchito St. Aubyn', '807-178-9819', 'pst2z@gov.uk', 3, 50, 211, 5, '2019-01-31 00:00:00', 0),
(109, 'Agace Haryngton', '505-474-3811', 'aharyngton30@google.it', 13, 34, 50, 5, '2019-02-21 00:00:00', 1),
(110, 'Claudetta Caldairou', '133-858-2382', 'ccaldairou31@marriott.com', 11, 98, 206, 10, '2019-01-26 00:00:00', 0),
(111, 'Batsheva O\'Dogherty', '960-793-7903', 'bodogherty32@themeforest.net', 5, 52, 249, 5, '2019-02-27 00:00:00', 0),
(112, 'Rikki Allcorn', '859-670-6503', 'rallcorn33@alibaba.com', 17, 38, 196, 10, '2019-02-27 00:00:00', 0),
(113, 'Janot Eggers', '952-605-8449', 'jeggers34@hostgator.com', 13, 65, 113, 6, '2019-03-06 00:00:00', 1),
(114, 'Luisa Castellani', '635-512-2031', 'lcastellani35@omniture.com', 16, 70, 17, 3, '2019-01-19 00:00:00', 0),
(115, 'Terry Gasticke', '267-468-1792', 'tgasticke36@pagesperso-orange.fr', 11, 81, 240, 2, '2019-02-19 00:00:00', 0),
(116, 'Karna Cockram', '154-890-4426', 'kcockram37@businesswire.com', 7, 60, 38, 6, '2019-02-03 00:00:00', 0),
(117, 'Everard Fonte', '610-271-7671', 'efonte38@geocities.jp', 4, 15, 68, 8, '2019-03-17 00:00:00', 1),
(118, 'Timmy Rozenzweig', '734-460-4932', 'trozenzweig39@flickr.com', 14, 95, 86, 3, '2019-02-27 00:00:00', 1),
(119, 'Clem Izzatt', '943-500-8799', 'cizzatt3a@meetup.com', 17, 13, 262, 6, '2019-01-16 00:00:00', 0),
(120, 'Ewart Koene', '209-596-2042', 'ekoene3b@independent.co.uk', 2, 46, 134, 6, '2019-01-09 00:00:00', 0),
(121, 'Bernard Crebott', '873-767-6438', 'bcrebott3c@harvard.edu', 8, 23, 8, 2, '2019-01-27 00:00:00', 0),
(122, 'Edlin Pownall', '423-179-2882', 'epownall3d@fema.gov', 13, 66, 218, 10, '2019-03-11 00:00:00', 1),
(123, 'Amalie Easbie', '261-823-0722', 'aeasbie3e@blogtalkradio.com', 14, 55, 76, 2, '2019-01-20 00:00:00', 0),
(124, 'Dag Waliszek', '911-373-1012', 'dwaliszek3f@desdev.cn', 14, 4, 187, 10, '2019-02-01 00:00:00', 0),
(125, 'Tobie Sammes', '491-700-8907', 'tsammes3g@smugmug.com', 15, 22, 280, 10, '2019-02-24 00:00:00', 0),
(126, 'Hettie Yarham', '681-118-7868', 'hyarham3h@ow.ly', 12, 83, 178, 4, '2019-01-01 00:00:00', 1),
(127, 'Caldwell Swallwell', '583-745-2534', 'cswallwell3i@ftc.gov', 7, 77, 76, 1, '2019-03-20 00:00:00', 0),
(128, 'Layla Taw', '708-499-7895', 'ltaw3j@answers.com', 12, 22, 81, 5, '2019-03-25 00:00:00', 1),
(129, 'Cory Duffie', '871-839-2095', 'cduffie3k@accuweather.com', 5, 3, 138, 5, '2019-01-31 00:00:00', 0),
(130, 'Jody Leavesley', '541-876-1089', 'jleavesley3l@furl.net', 7, 39, 133, 2, '2019-01-06 00:00:00', 0),
(131, 'Helge Arrow', '661-666-7790', 'harrow3m@posterous.com', 9, 34, 168, 10, '2019-01-24 00:00:00', 1),
(132, 'Beverlie Toler', '180-147-3328', 'btoler3n@discuz.net', 7, 51, 23, 1, '2019-02-20 00:00:00', 1),
(133, 'Odessa Besson', '798-809-3243', 'obesson3o@amazon.com', 17, 65, 49, 1, '2019-03-25 00:00:00', 0),
(134, 'Shaina Stitwell', '239-712-6291', 'sstitwell3p@miibeian.gov.cn', 11, 55, 207, 5, '2019-03-22 00:00:00', 1),
(135, 'Vivien Darkin', '214-628-8356', 'vdarkin3q@acquirethisname.com', 10, 91, 99, 7, '2019-02-25 00:00:00', 1),
(136, 'Lyell Got', '236-675-5292', 'lgot3r@webs.com', 7, 48, 20, 1, '2019-02-24 00:00:00', 0),
(137, 'Lily Dohmer', '503-586-7802', 'ldohmer3s@bbc.co.uk', 19, 15, 268, 8, '2019-02-17 00:00:00', 1),
(138, 'Richardo Crimpe', '359-269-2309', 'rcrimpe3t@blogger.com', 7, 80, 146, 5, '2019-01-17 00:00:00', 1),
(139, 'Ferguson McIlwraith', '117-265-6036', 'fmcilwraith3u@opensource.org', 18, 31, 254, 1, '2019-02-27 00:00:00', 0),
(140, 'Julienne Sleney', '362-588-0133', 'jsleney3v@umn.edu', 18, 30, 17, 7, '2019-01-24 00:00:00', 1),
(141, 'Katharine Everington', '147-599-9473', 'keverington3w@tinyurl.com', 4, 15, 166, 4, '2019-03-27 00:00:00', 0),
(142, 'Faydra Purveys', '535-703-7679', 'fpurveys3x@comcast.net', 7, 26, 64, 3, '2019-02-17 00:00:00', 1),
(143, 'Cal De Lacey', '171-646-0030', 'cde3y@slideshare.net', 1, 91, 260, 5, '2019-02-01 00:00:00', 1),
(144, 'Flossi Hunte', '230-417-4682', 'fhunte3z@163.com', 19, 94, 25, 7, '2019-01-23 00:00:00', 1),
(145, 'Baxie McCreary', '721-336-2426', 'bmccreary40@delicious.com', 20, 70, 136, 5, '2019-01-04 00:00:00', 1),
(146, 'Madonna Kellar', '179-177-6345', 'mkellar41@ustream.tv', 20, 63, 48, 6, '2019-01-26 00:00:00', 1),
(147, 'Filbert Kissick', '690-168-3105', 'fkissick42@icq.com', 2, 63, 88, 2, '2019-02-13 00:00:00', 0),
(148, 'Chariot Botger', '832-506-2263', 'cbotger43@hao123.com', 7, 40, 160, 3, '2019-02-18 00:00:00', 1),
(149, 'Colline Gleave', '850-100-0605', 'cgleave44@usnews.com', 7, 13, 56, 8, '2019-03-24 00:00:00', 1),
(150, 'Nannette Furze', '389-731-6722', 'nfurze45@xing.com', 3, 43, 219, 9, '2019-02-28 00:00:00', 0),
(151, 'Johannah Ilden', '768-296-4467', 'jilden46@google.cn', 5, 87, 236, 9, '2019-02-16 00:00:00', 0),
(152, 'Andrey O\'Lagene', '501-416-6247', 'aolagene47@vistaprint.com', 12, 36, 221, 7, '2019-02-24 00:00:00', 1),
(153, 'Emeline Harrowing', '403-153-8843', 'eharrowing48@geocities.jp', 17, 95, 228, 1, '2019-01-21 00:00:00', 1),
(154, 'Collette Loft', '382-376-9184', 'cloft49@artisteer.com', 6, 71, 139, 3, '2019-03-23 00:00:00', 0),
(155, 'Allie Smurthwaite', '695-628-3948', 'asmurthwaite4a@constantcontact.com', 4, 84, 87, 9, '2019-03-10 00:00:00', 0),
(156, 'Ban Dottridge', '386-338-0899', 'bdottridge4b@biglobe.ne.jp', 17, 97, 153, 10, '2019-01-13 00:00:00', 1),
(157, 'Jewel Ede', '991-268-5068', 'jede4c@blogtalkradio.com', 4, 32, 284, 3, '2019-01-10 00:00:00', 0),
(158, 'Jeffrey Calvard', '424-451-0572', 'jcalvard4d@joomla.org', 16, 21, 87, 6, '2019-02-24 00:00:00', 1),
(159, 'Margit Leicester', '714-637-3692', 'mleicester4e@t.co', 17, 45, 40, 1, '2019-01-31 00:00:00', 0),
(160, 'Elizabeth Tym', '339-387-8170', 'etym4f@live.com', 2, 29, 213, 8, '2019-03-17 00:00:00', 0),
(161, 'Tadeo Shawel', '555-377-8079', 'tshawel4g@foxnews.com', 19, 17, 266, 5, '2019-01-17 00:00:00', 0),
(162, 'Lawry Iglesias', '922-171-9675', 'liglesias4h@google.co.jp', 20, 85, 152, 5, '2019-03-21 00:00:00', 0),
(163, 'Judah Dinkin', '473-924-8386', 'jdinkin4i@economist.com', 2, 93, 179, 8, '2019-02-21 00:00:00', 0),
(164, 'Darelle Axel', '824-349-7715', 'daxel4j@g.co', 16, 74, 172, 8, '2019-01-30 00:00:00', 0),
(165, 'Cleon Bestman', '533-393-7224', 'cbestman4k@meetup.com', 2, 63, 145, 7, '2019-02-07 00:00:00', 0),
(166, 'Ashbey Hulstrom', '288-541-5578', 'ahulstrom4l@soup.io', 6, 81, 12, 3, '2019-03-22 00:00:00', 0),
(167, 'Roseann Keogh', '586-726-6271', 'rkeogh4m@4shared.com', 9, 86, 55, 9, '2019-03-23 00:00:00', 0),
(168, 'Farrand Duddell', '117-252-4234', 'fduddell4n@google.nl', 10, 89, 159, 8, '2019-01-01 00:00:00', 0),
(169, 'Paulina Sudron', '832-453-4148', 'psudron4o@sun.com', 14, 22, 251, 5, '2019-02-06 00:00:00', 1),
(170, 'Mervin Meeland', '239-532-3611', 'mmeeland4p@freewebs.com', 14, 87, 101, 7, '2019-03-07 00:00:00', 1),
(171, 'Hewett Tenbrug', '651-593-6616', 'htenbrug4q@elpais.com', 7, 79, 204, 9, '2019-02-12 00:00:00', 0),
(172, 'Milzie Tiffany', '698-307-1424', 'mtiffany4r@discuz.net', 10, 49, 280, 9, '2019-02-28 00:00:00', 0),
(173, 'Gabbie Nares', '966-341-0688', 'gnares4s@foxnews.com', 7, 96, 41, 2, '2019-01-19 00:00:00', 0),
(174, 'Sarina Durand', '238-768-7603', 'sdurand4t@gov.uk', 16, 84, 271, 9, '2019-01-27 00:00:00', 1),
(175, 'Windham Towle', '860-621-8364', 'wtowle4u@free.fr', 12, 27, 72, 9, '2019-01-05 00:00:00', 1),
(176, 'Devon Pinn', '304-303-4951', 'dpinn4v@wikipedia.org', 19, 59, 284, 5, '2019-03-11 00:00:00', 1),
(177, 'Land Gallamore', '701-570-3655', 'lgallamore4w@storify.com', 2, 62, 239, 3, '2019-01-10 00:00:00', 0),
(178, 'Cornelle Renish', '949-696-1305', 'crenish4x@ning.com', 5, 72, 169, 7, '2019-02-23 00:00:00', 0),
(179, 'Pearl Franzewitch', '921-921-8487', 'pfranzewitch4y@bigcartel.com', 1, 86, 280, 9, '2019-02-17 00:00:00', 1),
(180, 'Edithe Vsanelli', '660-431-3859', 'evsanelli4z@msu.edu', 6, 31, 65, 6, '2019-02-25 00:00:00', 1),
(181, 'Darla Trodden', '497-914-4527', 'dtrodden50@opera.com', 2, 25, 275, 10, '2019-02-25 00:00:00', 1),
(182, 'Mathilde Lerohan', '836-553-8363', 'mlerohan51@nps.gov', 9, 13, 262, 2, '2019-02-20 00:00:00', 1),
(183, 'Merilyn Franciotti', '112-602-1614', 'mfranciotti52@unicef.org', 9, 38, 219, 1, '2019-02-21 00:00:00', 1),
(184, 'Allen Geertje', '917-172-6404', 'ageertje53@freewebs.com', 13, 11, 291, 4, '2019-02-19 00:00:00', 1),
(185, 'Pet Franceschino', '437-968-7062', 'pfranceschino54@etsy.com', 5, 27, 264, 1, '2019-03-12 00:00:00', 1),
(186, 'Mychal Blees', '963-698-5585', 'mblees55@skype.com', 15, 39, 202, 1, '2019-03-19 00:00:00', 0),
(187, 'Larry Marquand', '424-300-2383', 'lmarquand56@posterous.com', 15, 61, 265, 2, '2019-03-11 00:00:00', 0),
(188, 'Jeniffer Morcomb', '616-192-3037', 'jmorcomb57@51.la', 15, 85, 55, 3, '2019-03-14 00:00:00', 0),
(189, 'Violetta Hirschmann', '501-864-4965', 'vhirschmann58@networkadvertising.org', 10, 31, 111, 3, '2019-03-28 00:00:00', 0),
(190, 'Joshia Wiffield', '946-211-4235', 'jwiffield59@apache.org', 18, 35, 63, 6, '2019-02-17 00:00:00', 1),
(191, 'Kenna Bruyet', '417-876-3451', 'kbruyet5a@multiply.com', 14, 63, 112, 7, '2019-01-24 00:00:00', 1),
(192, 'Court Duckinfield', '403-554-8536', 'cduckinfield5b@marriott.com', 4, 54, 5, 7, '2019-03-08 00:00:00', 1),
(193, 'Lanae Gibby', '115-547-5118', 'lgibby5c@wp.com', 7, 15, 93, 8, '2019-02-14 00:00:00', 0),
(194, 'Cindra Warkup', '219-667-1363', 'cwarkup5d@myspace.com', 1, 95, 37, 8, '2019-02-06 00:00:00', 1),
(195, 'Livvyy Prydden', '779-318-8526', 'lprydden5e@who.int', 18, 53, 172, 9, '2019-02-19 00:00:00', 1),
(196, 'Stephannie Seys', '283-800-4794', 'sseys5f@ucla.edu', 1, 83, 18, 3, '2019-01-24 00:00:00', 0),
(197, 'Noah Leeds', '433-788-0758', 'nleeds5g@wikimedia.org', 7, 21, 185, 7, '2019-02-10 00:00:00', 0),
(198, 'Lorri Treweke', '857-601-2817', 'ltreweke5h@arstechnica.com', 13, 95, 74, 3, '2019-02-02 00:00:00', 1),
(199, 'Merl Butterfint', '365-759-3397', 'mbutterfint5i@last.fm', 10, 14, 116, 6, '2019-02-04 00:00:00', 1),
(200, 'Ondrea Kentwell', '271-338-7467', 'okentwell5j@homestead.com', 2, 32, 192, 2, '2019-03-25 00:00:00', 0),
(201, 'Ennis Daskiewicz', '587-365-6197', 'edaskiewicz5k@behance.net', 14, 46, 201, 9, '2019-01-23 00:00:00', 0),
(202, 'Clywd Sollime', '443-908-2297', 'csollime5l@usa.gov', 10, 53, 58, 7, '2019-01-25 00:00:00', 1),
(203, 'Caryl Barbary', '415-150-5940', 'cbarbary5m@prweb.com', 5, 61, 187, 6, '2019-02-21 00:00:00', 0),
(204, 'Jeni Lorden', '101-212-3908', 'jlorden5n@hostgator.com', 19, 99, 132, 9, '2019-03-29 00:00:00', 1),
(205, 'Kevan Giffin', '296-281-7437', 'kgiffin5o@latimes.com', 10, 43, 113, 1, '2019-02-02 00:00:00', 1),
(206, 'Torey MacCroary', '415-534-0189', 'tmaccroary5p@constantcontact.com', 20, 88, 199, 6, '2019-03-28 00:00:00', 0),
(207, 'Cristi Taverner', '965-913-1589', 'ctaverner5q@vistaprint.com', 19, 54, 91, 9, '2019-01-15 00:00:00', 0),
(208, 'Oates Penn', '253-398-7269', 'openn5r@netlog.com', 3, 17, 243, 4, '2019-01-15 00:00:00', 0),
(209, 'Shaw Malinowski', '135-409-1324', 'smalinowski5s@blog.com', 12, 58, 134, 3, '2019-02-26 00:00:00', 0),
(210, 'Yorgo Whitehurst', '856-866-8043', 'ywhitehurst5t@360.cn', 12, 74, 113, 6, '2019-03-01 00:00:00', 0),
(211, 'Gina Cope', '833-568-5454', 'gcope5u@wix.com', 7, 19, 183, 3, '2019-03-04 00:00:00', 1),
(212, 'Donelle Tuminelli', '425-623-8185', 'dtuminelli5v@hibu.com', 17, 98, 73, 7, '2019-02-17 00:00:00', 1),
(213, 'Fae Hynes', '228-433-4669', 'fhynes5w@craigslist.org', 2, 56, 148, 3, '2019-02-12 00:00:00', 1),
(214, 'Nadia Dyson', '883-875-3638', 'ndyson5x@linkedin.com', 15, 91, 129, 10, '2019-01-06 00:00:00', 1),
(215, 'Margie Petel', '467-234-9617', 'mpetel5y@cdbaby.com', 7, 75, 213, 8, '2019-01-13 00:00:00', 1),
(216, 'Bertina Wedlock', '634-394-8711', 'bwedlock5z@tripod.com', 16, 95, 122, 8, '2019-01-14 00:00:00', 1),
(217, 'Clarke Cowap', '814-105-9103', 'ccowap60@businessweek.com', 7, 71, 215, 8, '2019-01-25 00:00:00', 0),
(218, 'Marjory Cockaday', '939-486-7032', 'mcockaday61@cnet.com', 11, 7, 289, 5, '2019-03-03 00:00:00', 0),
(219, 'Rik Charrette', '939-924-4644', 'rcharrette62@seattletimes.com', 20, 81, 49, 10, '2019-01-23 00:00:00', 1),
(220, 'Sax Sharpous', '361-313-2349', 'ssharpous63@alibaba.com', 20, 10, 248, 2, '2019-03-04 00:00:00', 1),
(221, 'Andros Bungey', '285-156-8394', 'abungey64@nature.com', 3, 70, 119, 5, '2019-02-15 00:00:00', 1),
(222, 'Margit Ramm', '766-250-1048', 'mramm65@w3.org', 11, 60, 57, 2, '2019-01-25 00:00:00', 1),
(223, 'Christiano Tschursch', '624-488-5089', 'ctschursch66@addthis.com', 8, 69, 186, 10, '2019-02-27 00:00:00', 1),
(224, 'Erskine Hattam', '203-500-1103', 'ehattam67@cyberchimps.com', 7, 16, 189, 5, '2019-02-21 00:00:00', 1),
(225, 'Forest Crosdill', '163-222-4323', 'fcrosdill68@qq.com', 4, 81, 264, 9, '2019-02-10 00:00:00', 1),
(226, 'Dasi Skrzynski', '141-454-7190', 'dskrzynski69@odnoklassniki.ru', 6, 24, 127, 10, '2019-03-10 00:00:00', 0),
(227, 'Eudora MacGoun', '122-454-4815', 'emacgoun6a@upenn.edu', 10, 90, 69, 5, '2019-01-31 00:00:00', 0),
(228, 'Otto Vedenichev', '397-281-8337', 'ovedenichev6b@spiegel.de', 17, 6, 177, 10, '2019-03-27 00:00:00', 1),
(229, 'Bette Hutchinges', '835-341-9626', 'bhutchinges6c@redcross.org', 5, 72, 218, 1, '2019-01-13 00:00:00', 1),
(230, 'Silvie Willgoose', '811-757-1422', 'swillgoose6d@163.com', 12, 85, 80, 10, '2019-02-09 00:00:00', 0),
(231, 'Orel Christaeas', '667-711-8221', 'ochristaeas6e@so-net.ne.jp', 16, 37, 89, 6, '2019-02-26 00:00:00', 0),
(232, 'Shandie Milne', '353-456-2858', 'smilne6f@e-recht24.de', 4, 88, 35, 2, '2019-03-20 00:00:00', 0),
(233, 'Rosella Lello', '592-665-5441', 'rlello6g@google.ca', 1, 60, 200, 9, '2019-03-15 00:00:00', 1),
(234, 'Elbertina Orae', '413-880-6164', 'eorae6h@wikispaces.com', 18, 25, 12, 10, '2019-02-01 00:00:00', 0),
(235, 'Blondell Gladdifh', '767-283-0636', 'bgladdifh6i@sbwire.com', 20, 61, 47, 4, '2019-02-15 00:00:00', 1),
(236, 'Cindee Cruickshank', '338-960-6195', 'ccruickshank6j@ask.com', 1, 13, 113, 9, '2019-01-15 00:00:00', 0),
(237, 'Izabel Paver', '808-833-0766', 'ipaver6k@columbia.edu', 14, 35, 141, 4, '2019-03-22 00:00:00', 1),
(238, 'Audrey Chambers', '280-364-1380', 'achambers6l@bandcamp.com', 4, 50, 121, 4, '2019-03-17 00:00:00', 1),
(239, 'Alie Breton', '871-620-2801', 'abreton6m@jalbum.net', 4, 28, 238, 1, '2019-01-23 00:00:00', 1),
(240, 'Alaine Mazella', '286-758-5115', 'amazella6n@wikipedia.org', 1, 91, 235, 10, '2019-03-12 00:00:00', 1),
(241, 'Crawford Leveret', '549-970-6210', 'cleveret6o@cbc.ca', 20, 31, 40, 1, '2019-02-14 00:00:00', 0),
(242, 'Sibylla Dorant', '326-809-1923', 'sdorant6p@baidu.com', 2, 60, 3, 5, '2019-02-23 00:00:00', 0),
(243, 'Florence O\'Loghlen', '185-199-9687', 'fologhlen6q@buzzfeed.com', 10, 88, 234, 8, '2019-01-22 00:00:00', 1),
(244, 'Roda Mocquer', '238-830-1467', 'rmocquer6r@discuz.net', 5, 49, 184, 4, '2019-02-11 00:00:00', 1),
(245, 'Pattie Lathleiff', '336-895-9553', 'plathleiff6s@stumbleupon.com', 7, 78, 284, 6, '2019-03-11 00:00:00', 0),
(246, 'Sophia Ebbings', '456-195-1862', 'sebbings6t@statcounter.com', 6, 54, 168, 3, '2019-01-14 00:00:00', 1),
(247, 'Alameda Blasoni', '886-869-4616', 'ablasoni6u@mediafire.com', 14, 47, 239, 5, '2019-03-09 00:00:00', 0),
(248, 'Cointon Glastonbury', '541-399-0142', 'cglastonbury6v@tripadvisor.com', 11, 46, 211, 2, '2019-01-31 00:00:00', 0),
(249, 'Brian Goffe', '923-354-3191', 'bgoffe6w@census.gov', 14, 47, 273, 9, '2019-03-16 00:00:00', 1),
(250, 'Ardeen Windaybank', '162-342-8223', 'awindaybank6x@youtube.com', 14, 29, 26, 6, '2019-03-10 00:00:00', 1),
(251, 'Abelard Keeling', '632-690-1556', 'akeeling6y@va.gov', 15, 46, 294, 8, '2019-03-19 00:00:00', 1),
(252, 'Jackquelin Lewins', '555-396-6291', 'jlewins6z@behance.net', 16, 81, 102, 5, '2019-02-17 00:00:00', 1),
(253, 'Terry Robilart', '671-895-9488', 'trobilart70@xinhuanet.com', 2, 96, 295, 10, '2019-02-08 00:00:00', 1),
(254, 'Doll Levine', '565-896-5223', 'dlevine71@bloomberg.com', 9, 86, 63, 6, '2019-02-04 00:00:00', 1),
(255, 'Georgine Liptrot', '622-899-5082', 'gliptrot72@seattletimes.com', 19, 41, 22, 3, '2019-03-13 00:00:00', 0),
(256, 'Beatrice Kolczynski', '239-618-4461', 'bkolczynski73@ezinearticles.com', 11, 33, 121, 5, '2019-03-02 00:00:00', 0),
(257, 'Rodrick Hollyman', '734-363-6844', 'rhollyman74@omniture.com', 14, 35, 283, 2, '2019-03-25 00:00:00', 0),
(258, 'Raddy Spyby', '812-357-3209', 'rspyby75@is.gd', 10, 51, 270, 5, '2019-02-27 00:00:00', 1),
(259, 'Poul Haensel', '650-715-0495', 'phaensel76@hubpages.com', 12, 80, 198, 2, '2019-01-26 00:00:00', 1),
(260, 'Kitti Corben', '546-166-1110', 'kcorben77@discuz.net', 18, 14, 279, 9, '2019-01-15 00:00:00', 1),
(261, 'Arni Hackett', '964-988-9381', 'ahackett78@alexa.com', 7, 65, 48, 8, '2019-01-15 00:00:00', 1),
(262, 'Timofei Benedettini', '874-681-0057', 'tbenedettini79@bbc.co.uk', 14, 58, 192, 2, '2019-01-19 00:00:00', 0),
(263, 'Celesta Phuprate', '658-353-8363', 'cphuprate7a@youtube.com', 20, 95, 144, 6, '2019-01-25 00:00:00', 1),
(264, 'Case Leggat', '334-927-6553', 'cleggat7b@usnews.com', 6, 53, 67, 3, '2019-01-11 00:00:00', 0),
(265, 'Tiffy Lauderdale', '698-761-9018', 'tlauderdale7c@house.gov', 19, 3, 14, 6, '2019-01-31 00:00:00', 1),
(266, 'Anastassia McCuffie', '722-899-8309', 'amccuffie7d@prweb.com', 5, 7, 61, 10, '2019-03-07 00:00:00', 0),
(267, 'Darnall Caldero', '797-280-5488', 'dcaldero7e@ycombinator.com', 20, 70, 24, 7, '2019-02-15 00:00:00', 0),
(268, 'Chrysa Tongs', '844-547-6381', 'ctongs7f@technorati.com', 8, 59, 242, 5, '2019-03-08 00:00:00', 1),
(269, 'Shirline Byatt', '647-321-8998', 'sbyatt7g@canalblog.com', 4, 80, 216, 1, '2019-01-07 00:00:00', 1),
(270, 'Duffy Haglinton', '804-377-4598', 'dhaglinton7h@usgs.gov', 6, 55, 208, 4, '2019-01-01 00:00:00', 1),
(271, 'Kassandra Muscroft', '887-225-4361', 'kmuscroft7i@mediafire.com', 3, 96, 208, 5, '2019-01-17 00:00:00', 1),
(272, 'Kimball Jotham', '485-529-7689', 'kjotham7j@ehow.com', 9, 27, 202, 6, '2019-01-16 00:00:00', 0),
(273, 'Jermaine Brisland', '650-309-6775', 'jbrisland7k@eventbrite.com', 3, 33, 27, 1, '2019-01-20 00:00:00', 1),
(274, 'Sephira Causley', '276-528-8832', 'scausley7l@feedburner.com', 5, 4, 125, 10, '2019-03-14 00:00:00', 0),
(275, 'Leandra Atling', '348-290-3516', 'latling7m@last.fm', 16, 91, 32, 5, '2019-01-13 00:00:00', 1),
(276, 'Whitaker Saiz', '869-906-5466', 'wsaiz7n@free.fr', 6, 76, 76, 10, '2019-02-17 00:00:00', 1),
(277, 'Angy Radbone', '274-384-7097', 'aradbone7o@globo.com', 12, 1, 262, 10, '2019-01-14 00:00:00', 1),
(278, 'Aveline Scade', '255-951-3845', 'ascade7p@trellian.com', 19, 31, 45, 4, '2019-01-25 00:00:00', 1),
(279, 'Nathanil Deluze', '521-888-8481', 'ndeluze7q@myspace.com', 1, 52, 134, 3, '2019-02-24 00:00:00', 0),
(280, 'Ella Cutting', '270-459-1366', 'ecutting7r@cnn.com', 11, 54, 4, 10, '2019-01-17 00:00:00', 0),
(281, 'Chadwick Normandale', '888-374-4774', 'cnormandale7s@apache.org', 2, 14, 194, 9, '2019-03-17 00:00:00', 0),
(282, 'Nickolas Keggins', '357-532-9437', 'nkeggins7t@nih.gov', 7, 100, 21, 10, '2019-03-08 00:00:00', 1),
(283, 'Jammal Sazio', '715-452-6381', 'jsazio7u@amazon.de', 6, 61, 185, 7, '2019-03-02 00:00:00', 1),
(284, 'Ailbert Heymes', '413-599-7087', 'aheymes7v@europa.eu', 15, 19, 179, 9, '2019-03-09 00:00:00', 0),
(285, 'Donnie Simkovich', '963-802-3465', 'dsimkovich7w@paginegialle.it', 3, 68, 190, 1, '2019-03-03 00:00:00', 1),
(286, 'Rorke Bernetti', '813-725-9822', 'rbernetti7x@wikispaces.com', 20, 18, 220, 7, '2019-02-03 00:00:00', 0),
(287, 'Travus Maddrell', '129-958-6709', 'tmaddrell7y@reddit.com', 16, 55, 168, 5, '2019-01-12 00:00:00', 0),
(288, 'Haroun Bowerman', '676-554-0463', 'hbowerman7z@elpais.com', 7, 21, 170, 6, '2019-02-03 00:00:00', 1),
(289, 'Delmor Maleham', '152-215-5194', 'dmaleham80@sphinn.com', 11, 76, 207, 3, '2019-03-27 00:00:00', 1),
(290, 'Farra Davern', '766-917-8413', 'fdavern81@wix.com', 7, 60, 107, 1, '2019-02-02 00:00:00', 1),
(291, 'Emmy Theseira', '938-209-9466', 'etheseira82@t-online.de', 11, 98, 149, 10, '2019-03-20 00:00:00', 1),
(292, 'Manon Bucklan', '825-431-4145', 'mbucklan83@nationalgeographic.com', 19, 38, 113, 6, '2019-02-15 00:00:00', 0),
(293, 'Edmon Le Port', '822-202-1043', 'ele84@cornell.edu', 17, 67, 263, 3, '2019-03-03 00:00:00', 0),
(294, 'Hilary Sellner', '402-903-5266', 'hsellner85@statcounter.com', 12, 17, 217, 4, '2019-02-28 00:00:00', 0),
(295, 'Arlette Badwick', '307-704-4531', 'abadwick86@tinypic.com', 5, 56, 242, 3, '2019-01-08 00:00:00', 0),
(296, 'Devlin Deschlein', '640-848-9445', 'ddeschlein87@noaa.gov', 5, 24, 73, 8, '2019-01-08 00:00:00', 0),
(297, 'Martyn Stubbington', '571-865-5225', 'mstubbington88@buzzfeed.com', 10, 15, 140, 10, '2019-01-17 00:00:00', 0),
(298, 'Abe Collier', '378-242-7150', 'acollier89@hud.gov', 1, 25, 161, 5, '2019-03-12 00:00:00', 1),
(299, 'Maynard Kellaway', '499-216-1251', 'mkellaway8a@weibo.com', 9, 4, 81, 10, '2019-01-19 00:00:00', 0),
(300, 'Karlik Swarbrick', '213-529-0799', 'kswarbrick8b@indiegogo.com', 19, 8, 147, 4, '2019-01-08 00:00:00', 1),
(301, 'Amelie Byway', '226-948-5223', 'abyway8c@ocn.ne.jp', 19, 77, 78, 4, '2019-01-21 00:00:00', 0),
(302, 'Matty Critchlow', '298-235-4525', 'mcritchlow8d@simplemachines.org', 6, 49, 120, 2, '2019-02-18 00:00:00', 1),
(303, 'Maryanne McCleary', '729-937-3456', 'mmccleary8e@so-net.ne.jp', 2, 5, 145, 5, '2019-02-22 00:00:00', 1),
(304, 'Vergil Birdwhistle', '414-705-8793', 'vbirdwhistle8f@bing.com', 15, 79, 126, 8, '2019-02-22 00:00:00', 0),
(305, 'Sargent Tanby', '434-330-6306', 'stanby8g@disqus.com', 7, 49, 209, 2, '2019-01-27 00:00:00', 1),
(306, 'Lambert Le Lievre', '203-315-2255', 'lle8h@narod.ru', 7, 26, 43, 9, '2019-03-12 00:00:00', 1),
(307, 'Celestyn Hallede', '676-298-2418', 'challede8i@alexa.com', 8, 63, 130, 3, '2019-03-25 00:00:00', 1),
(308, 'Collie Thursby', '692-223-9468', 'cthursby8j@a8.net', 13, 98, 168, 2, '2019-03-11 00:00:00', 0),
(309, 'Sela Andrelli', '216-454-7995', 'sandrelli8k@amazonaws.com', 4, 5, 107, 5, '2019-03-10 00:00:00', 0),
(310, 'Marcos Wigfield', '374-795-8525', 'mwigfield8l@feedburner.com', 1, 55, 4, 9, '2019-01-17 00:00:00', 1),
(311, 'Yancy Krolik', '136-687-1249', 'ykrolik8m@freewebs.com', 18, 31, 75, 3, '2019-02-25 00:00:00', 1),
(312, 'Claudianus Geldard', '914-236-1148', 'cgeldard8n@addthis.com', 11, 32, 70, 7, '2019-03-16 00:00:00', 1),
(313, 'Marcello Miskimmon', '606-204-5178', 'mmiskimmon8o@umich.edu', 10, 14, 248, 10, '2019-02-24 00:00:00', 0),
(314, 'Ado Lorryman', '961-144-1750', 'alorryman8p@constantcontact.com', 12, 27, 285, 5, '2019-01-07 00:00:00', 1),
(315, 'Tish Matuszinski', '290-807-9085', 'tmatuszinski8q@accuweather.com', 15, 41, 277, 2, '2019-03-28 00:00:00', 0),
(316, 'Sanders Watsam', '353-321-2294', 'swatsam8r@walmart.com', 16, 67, 141, 1, '2019-01-22 00:00:00', 1),
(317, 'Rockwell MacTrustie', '179-426-4418', 'rmactrustie8s@army.mil', 9, 29, 148, 2, '2019-03-06 00:00:00', 1),
(318, 'Nye Finlan', '823-234-0312', 'nfinlan8t@e-recht24.de', 2, 14, 2, 5, '2019-03-22 00:00:00', 1),
(319, 'Waiter Crate', '712-458-1940', 'wcrate8u@wix.com', 20, 95, 99, 10, '2019-01-22 00:00:00', 1),
(320, 'Rolfe Ciccotto', '718-342-8904', 'rciccotto8v@bloglines.com', 1, 98, 8, 8, '2019-01-19 00:00:00', 1),
(321, 'Elka Viger', '315-625-9622', 'eviger8w@cocolog-nifty.com', 4, 12, 230, 6, '2019-01-21 00:00:00', 0),
(322, 'Thedric Dingate', '881-288-9706', 'tdingate8x@networksolutions.com', 20, 46, 189, 2, '2019-03-20 00:00:00', 1),
(323, 'Sherie Codrington', '274-512-8060', 'scodrington8y@github.io', 1, 93, 217, 2, '2019-02-05 00:00:00', 0),
(324, 'Brodie Davana', '608-364-0165', 'bdavana8z@oakley.com', 4, 86, 276, 10, '2019-02-02 00:00:00', 0),
(325, 'Annabelle Woodings', '353-549-3437', 'awoodings90@usnews.com', 11, 68, 223, 6, '2019-03-07 00:00:00', 0),
(326, 'Noah Goch', '400-857-1355', 'ngoch91@alibaba.com', 5, 77, 196, 10, '2019-01-31 00:00:00', 0),
(327, 'Hazel Uttley', '874-807-4451', 'huttley92@theguardian.com', 12, 64, 241, 3, '2019-02-03 00:00:00', 0),
(328, 'Chloette Stallan', '143-380-8258', 'cstallan93@zimbio.com', 2, 94, 106, 6, '2019-01-11 00:00:00', 1),
(329, 'Baudoin Welling', '940-738-5039', 'bwelling94@tmall.com', 2, 44, 252, 6, '2019-01-09 00:00:00', 1),
(330, 'Ingmar Quinby', '920-168-8863', 'iquinby95@bloglovin.com', 6, 90, 83, 2, '2019-03-21 00:00:00', 1),
(331, 'Wilt McGahern', '700-981-2725', 'wmcgahern96@wordpress.org', 6, 85, 51, 4, '2019-01-27 00:00:00', 0),
(332, 'Bobby Hamshaw', '645-792-8704', 'bhamshaw97@unc.edu', 5, 60, 24, 9, '2019-02-21 00:00:00', 1),
(333, 'Kimberly Standbrooke', '900-535-1888', 'kstandbrooke98@walmart.com', 14, 19, 187, 3, '2019-02-16 00:00:00', 0),
(334, 'Meagan Capineer', '713-126-8848', 'mcapineer99@bbb.org', 18, 21, 143, 7, '2019-02-23 00:00:00', 0),
(335, 'Donica Dewing', '991-125-9011', 'ddewing9a@kickstarter.com', 3, 74, 95, 10, '2019-02-07 00:00:00', 0),
(336, 'Archibald Hinrichs', '450-244-0763', 'ahinrichs9b@weather.com', 8, 71, 106, 7, '2019-01-27 00:00:00', 1),
(337, 'Lewie Pinhorn', '564-284-6494', 'lpinhorn9c@unc.edu', 18, 92, 177, 5, '2019-03-23 00:00:00', 0),
(338, 'Rosella Markwell', '806-706-0815', 'rmarkwell9d@ca.gov', 2, 28, 258, 1, '2019-03-17 00:00:00', 0),
(339, 'Mariann Wincom', '224-908-6997', 'mwincom9e@mashable.com', 2, 15, 30, 3, '2019-02-12 00:00:00', 1),
(340, 'Mikael Colson', '358-878-4118', 'mcolson9f@ted.com', 1, 6, 153, 6, '2019-01-14 00:00:00', 0),
(341, 'Corly Arthurs', '828-203-1760', 'carthurs9g@pagesperso-orange.fr', 3, 55, 276, 4, '2019-02-02 00:00:00', 1),
(342, 'Constanta Winkworth', '775-103-3541', 'cwinkworth9h@delicious.com', 8, 64, 169, 4, '2019-01-11 00:00:00', 1),
(343, 'Holt Treanor', '431-747-9750', 'htreanor9i@virginia.edu', 3, 8, 259, 6, '2019-01-06 00:00:00', 1),
(344, 'Neils Corragan', '830-514-6170', 'ncorragan9j@rambler.ru', 5, 76, 175, 2, '2019-03-14 00:00:00', 1),
(345, 'Etan Haynesford', '786-716-9393', 'ehaynesford9k@linkedin.com', 17, 56, 39, 10, '2019-03-07 00:00:00', 1),
(346, 'Townie Maides', '628-773-7847', 'tmaides9l@desdev.cn', 19, 52, 7, 10, '2019-01-21 00:00:00', 0),
(347, 'Bartolemo Marshallsay', '392-636-4757', 'bmarshallsay9m@scientificamerican.com', 7, 10, 273, 1, '2019-03-05 00:00:00', 1),
(348, 'Far Alyokhin', '981-628-9436', 'falyokhin9n@arstechnica.com', 20, 1, 196, 9, '2019-01-19 00:00:00', 0),
(349, 'Niki Danilyak', '564-803-7393', 'ndanilyak9o@hhs.gov', 11, 51, 217, 9, '2019-02-19 00:00:00', 0),
(350, 'Demetrius Flowerdew', '934-693-8308', 'dflowerdew9p@scribd.com', 18, 38, 117, 3, '2019-03-15 00:00:00', 1),
(351, 'Rosie Neligan', '104-151-3363', 'rneligan9q@1und1.de', 6, 86, 133, 1, '2019-03-06 00:00:00', 1),
(352, 'Rowan Borgnet', '904-676-3102', 'rborgnet9r@nymag.com', 17, 83, 186, 7, '2019-01-18 00:00:00', 1),
(353, 'Katy Gifford', '203-189-3274', 'kgifford9s@timesonline.co.uk', 9, 63, 167, 9, '2019-02-12 00:00:00', 1),
(354, 'Lesley Darleston', '954-324-1190', 'ldarleston9t@zimbio.com', 14, 4, 245, 7, '2019-03-01 00:00:00', 1),
(355, 'Slade Dobrowolski', '569-734-0725', 'sdobrowolski9u@nydailynews.com', 6, 24, 231, 2, '2019-01-09 00:00:00', 0),
(356, 'Ethan Crigin', '959-966-7260', 'ecrigin9v@columbia.edu', 7, 37, 89, 7, '2019-02-24 00:00:00', 1),
(357, 'Casper Blythe', '932-517-1102', 'cblythe9w@t-online.de', 20, 60, 230, 7, '2019-03-13 00:00:00', 1),
(358, 'Duky MacCartney', '936-128-9600', 'dmaccartney9x@4shared.com', 11, 29, 260, 5, '2019-02-17 00:00:00', 1),
(359, 'Cy Martinot', '374-967-1876', 'cmartinot9y@sakura.ne.jp', 18, 93, 146, 6, '2019-02-23 00:00:00', 1),
(360, 'Matthew Rudgard', '322-950-8043', 'mrudgard9z@booking.com', 17, 37, 168, 3, '2019-01-22 00:00:00', 1),
(361, 'Willyt Lisciardelli', '547-366-9547', 'wlisciardellia0@mac.com', 20, 46, 216, 4, '2019-02-13 00:00:00', 0),
(362, 'Melisa Cutteridge', '280-927-1299', 'mcutteridgea1@ft.com', 5, 86, 134, 8, '2019-02-14 00:00:00', 0),
(363, 'Arv Sloley', '332-490-1545', 'asloleya2@hibu.com', 3, 8, 176, 4, '2019-02-23 00:00:00', 0),
(364, 'Britt Aizikov', '641-640-9557', 'baizikova3@wordpress.com', 11, 3, 166, 2, '2019-02-04 00:00:00', 0),
(365, 'Marillin Bellay', '312-547-6393', 'mbellaya4@google.com.hk', 11, 35, 210, 1, '2019-01-08 00:00:00', 0),
(366, 'Florella Bagworth', '297-873-2309', 'fbagwortha5@zdnet.com', 5, 68, 251, 1, '2019-01-23 00:00:00', 1),
(367, 'Rachael Belchamp', '507-894-3968', 'rbelchampa6@hubpages.com', 4, 51, 223, 10, '2019-01-27 00:00:00', 1),
(368, 'Tuckie Stanyard', '578-591-9439', 'tstanyarda7@amazon.co.uk', 11, 28, 292, 8, '2019-03-14 00:00:00', 0),
(369, 'Klarika Muselli', '213-189-1103', 'kmusellia8@globo.com', 11, 15, 129, 2, '2019-03-09 00:00:00', 0),
(370, 'Deck Jaggar', '224-180-4155', 'djaggara9@exblog.jp', 19, 84, 130, 9, '2019-02-05 00:00:00', 0),
(371, 'Konstantine Di Gregorio', '747-912-4243', 'kdiaa@ibm.com', 10, 74, 225, 3, '2019-03-13 00:00:00', 1),
(372, 'Hercule Brockie', '360-970-1655', 'hbrockieab@flickr.com', 6, 4, 228, 3, '2019-03-23 00:00:00', 0),
(373, 'Emelina Hollows', '213-619-1581', 'ehollowsac@mayoclinic.com', 19, 52, 228, 6, '2019-02-20 00:00:00', 0),
(374, 'Carola Gockelen', '246-379-0486', 'cgockelenad@washingtonpost.com', 4, 78, 49, 2, '2019-02-12 00:00:00', 0),
(375, 'Lauraine Karchowski', '753-302-1730', 'lkarchowskiae@wix.com', 18, 87, 176, 9, '2019-01-01 00:00:00', 1),
(376, 'Nanice Aveson', '935-139-8515', 'navesonaf@msu.edu', 7, 19, 126, 5, '2019-02-16 00:00:00', 0),
(377, 'Willette O\'Brien', '231-480-4309', 'wobrienag@yolasite.com', 10, 55, 120, 10, '2019-03-10 00:00:00', 0),
(378, 'Esra Wealthall', '933-165-7074', 'ewealthallah@symantec.com', 10, 40, 126, 10, '2019-02-09 00:00:00', 0),
(379, 'Greggory Frissell', '725-903-9139', 'gfrissellai@unc.edu', 15, 89, 144, 8, '2019-02-10 00:00:00', 0),
(380, 'Stanly Spaducci', '229-439-9769', 'sspaducciaj@state.tx.us', 17, 49, 159, 10, '2019-02-19 00:00:00', 1),
(381, 'Cyndi Hargate', '754-269-1538', 'chargateak@prnewswire.com', 8, 96, 204, 5, '2019-01-25 00:00:00', 0),
(382, 'Junia MacDonnell', '424-931-9537', 'jmacdonnellal@woothemes.com', 20, 39, 121, 3, '2019-02-20 00:00:00', 0),
(383, 'Mordecai Eslinger', '979-282-4408', 'meslingeram@wikimedia.org', 1, 69, 7, 2, '2019-01-05 00:00:00', 0),
(384, 'Krystyna Yelding', '909-188-7846', 'kyeldingan@prnewswire.com', 15, 13, 99, 7, '2019-03-29 00:00:00', 1),
(385, 'Andrei Philipot', '688-629-3701', 'aphilipotao@nationalgeographic.com', 11, 28, 216, 6, '2019-02-26 00:00:00', 1),
(386, 'Lenka Esplin', '114-996-7650', 'lesplinap@nih.gov', 12, 19, 295, 10, '2019-03-08 00:00:00', 0),
(387, 'Ursuline Glanders', '785-565-9824', 'uglandersaq@ucoz.com', 14, 74, 274, 8, '2019-02-25 00:00:00', 0),
(388, 'Tull Ziems', '985-264-3536', 'tziemsar@twitter.com', 3, 27, 14, 4, '2019-01-31 00:00:00', 1),
(389, 'Jenna Jopling', '589-744-9049', 'jjoplingas@indiegogo.com', 6, 56, 97, 6, '2019-01-18 00:00:00', 0),
(390, 'Natasha Grigolon', '258-437-2973', 'ngrigolonat@bigcartel.com', 16, 88, 8, 6, '2019-02-07 00:00:00', 1),
(391, 'Christie Conre', '924-491-2565', 'cconreau@symantec.com', 3, 30, 235, 1, '2019-02-16 00:00:00', 1),
(392, 'Pavia Blackborne', '554-359-5436', 'pblackborneav@1und1.de', 15, 37, 69, 3, '2019-02-15 00:00:00', 1),
(393, 'Philip McGilben', '796-895-3368', 'pmcgilbenaw@example.com', 2, 41, 225, 4, '2019-03-08 00:00:00', 0),
(394, 'Meridel Exell', '679-727-6954', 'mexellax@thetimes.co.uk', 17, 51, 275, 4, '2019-01-31 00:00:00', 1),
(395, 'My Oleksiak', '622-357-4143', 'moleksiakay@unc.edu', 12, 20, 292, 8, '2019-03-17 00:00:00', 1),
(396, 'Karol Rockwill', '224-811-0067', 'krockwillaz@eepurl.com', 2, 48, 255, 5, '2019-01-21 00:00:00', 0),
(397, 'Sawyer Cockburn', '354-397-1749', 'scockburnb0@bizjournals.com', 20, 54, 67, 7, '2019-03-02 00:00:00', 1),
(398, 'Fons Eassom', '988-916-8960', 'feassomb1@google.com.au', 4, 36, 65, 8, '2019-01-20 00:00:00', 0),
(399, 'Joella Quarton', '148-228-5090', 'jquartonb2@addthis.com', 9, 68, 167, 9, '2019-02-26 00:00:00', 0),
(400, 'Sioux Ready', '155-664-3985', 'sreadyb3@ameblo.jp', 11, 88, 147, 7, '2019-01-26 00:00:00', 1);

-- --------------------------------------------------------

--
-- Table structure for table `vidio`
--

CREATE TABLE `vidio` (
  `id` int(20) NOT NULL,
  `id_sender` int(10) NOT NULL,
  `id_receiver` int(10) NOT NULL,
  `date` datetime NOT NULL DEFAULT CURRENT_TIMESTAMP
) ENGINE=InnoDB DEFAULT CHARSET=utf8;

--
-- Dumping data for table `vidio`
--

INSERT INTO `vidio` (`id`, `id_sender`, `id_receiver`, `date`) VALUES
(1, 385, 118, '2019-01-21 00:00:00'),
(2, 218, 270, '2019-03-08 00:00:00'),
(3, 334, 314, '2019-03-29 00:00:00'),
(4, 234, 318, '2019-01-30 00:00:00'),
(5, 321, 136, '2019-01-29 00:00:00'),
(6, 80, 192, '2019-01-12 00:00:00'),
(7, 127, 15, '2019-03-05 00:00:00'),
(8, 210, 338, '2019-02-21 00:00:00'),
(9, 17, 315, '2019-02-04 00:00:00'),
(10, 316, 272, '2019-01-19 00:00:00'),
(11, 18, 9, '2019-01-03 00:00:00'),
(12, 109, 358, '2019-02-20 00:00:00'),
(13, 310, 364, '2019-01-24 00:00:00'),
(14, 136, 348, '2019-03-19 00:00:00'),
(15, 128, 142, '2019-03-17 00:00:00'),
(16, 143, 298, '2019-02-26 00:00:00'),
(17, 147, 326, '2019-02-04 00:00:00'),
(18, 212, 63, '2019-01-09 00:00:00'),
(19, 55, 326, '2019-03-06 00:00:00'),
(20, 167, 159, '2019-03-07 00:00:00'),
(21, 218, 157, '2019-03-26 00:00:00'),
(22, 90, 74, '2019-02-06 00:00:00'),
(23, 220, 378, '2019-01-20 00:00:00'),
(24, 371, 226, '2019-03-24 00:00:00'),
(25, 107, 114, '2019-03-29 00:00:00'),
(26, 91, 106, '2019-03-19 00:00:00'),
(27, 253, 300, '2019-02-19 00:00:00'),
(28, 148, 24, '2019-03-15 00:00:00'),
(29, 136, 352, '2019-03-14 00:00:00'),
(30, 136, 78, '2019-02-28 00:00:00'),
(31, 348, 34, '2019-01-09 00:00:00'),
(32, 326, 168, '2019-02-28 00:00:00'),
(33, 94, 255, '2019-03-09 00:00:00'),
(34, 54, 114, '2019-03-28 00:00:00'),
(35, 342, 63, '2019-02-12 00:00:00'),
(36, 340, 190, '2019-01-15 00:00:00'),
(37, 9, 297, '2019-02-02 00:00:00'),
(38, 337, 274, '2019-01-18 00:00:00'),
(39, 221, 284, '2019-02-06 00:00:00'),
(40, 266, 272, '2019-03-28 00:00:00'),
(41, 148, 119, '2019-02-17 00:00:00'),
(42, 216, 395, '2019-03-23 00:00:00'),
(43, 197, 49, '2019-03-14 00:00:00'),
(44, 276, 267, '2019-01-21 00:00:00'),
(45, 36, 72, '2019-02-15 00:00:00'),
(46, 238, 60, '2019-01-08 00:00:00'),
(47, 158, 399, '2019-02-03 00:00:00'),
(48, 253, 90, '2019-03-20 00:00:00'),
(49, 146, 234, '2019-02-02 00:00:00'),
(50, 380, 126, '2019-02-15 00:00:00'),
(51, 281, 242, '2019-03-14 00:00:00'),
(52, 25, 7, '2019-03-16 00:00:00'),
(53, 389, 117, '2019-01-26 00:00:00'),
(54, 47, 390, '2019-01-29 00:00:00'),
(55, 247, 204, '2019-01-13 00:00:00'),
(56, 367, 89, '2019-01-29 00:00:00'),
(57, 288, 337, '2019-03-16 00:00:00'),
(58, 123, 88, '2019-03-19 00:00:00'),
(59, 254, 73, '2019-01-20 00:00:00'),
(60, 112, 157, '2019-01-07 00:00:00'),
(61, 347, 349, '2019-01-07 00:00:00'),
(62, 30, 357, '2019-03-15 00:00:00'),
(63, 341, 132, '2019-03-12 00:00:00'),
(64, 353, 96, '2019-01-20 00:00:00'),
(65, 178, 387, '2019-02-07 00:00:00'),
(66, 21, 328, '2019-01-31 00:00:00'),
(67, 334, 351, '2019-01-30 00:00:00'),
(68, 100, 72, '2019-02-22 00:00:00'),
(69, 6, 387, '2019-03-18 00:00:00'),
(70, 398, 30, '2019-03-21 00:00:00'),
(71, 191, 299, '2019-02-15 00:00:00'),
(72, 184, 263, '2019-03-07 00:00:00'),
(73, 66, 318, '2019-03-29 00:00:00'),
(74, 349, 12, '2019-03-08 00:00:00'),
(75, 232, 167, '2019-02-08 00:00:00'),
(76, 103, 342, '2019-02-01 00:00:00'),
(77, 206, 159, '2019-01-04 00:00:00'),
(78, 115, 231, '2019-02-11 00:00:00'),
(79, 282, 364, '2019-03-16 00:00:00'),
(80, 65, 138, '2019-03-25 00:00:00'),
(81, 24, 312, '2019-03-22 00:00:00'),
(82, 159, 127, '2019-01-18 00:00:00'),
(83, 293, 245, '2019-02-19 00:00:00'),
(84, 378, 380, '2019-02-27 00:00:00'),
(85, 138, 150, '2019-03-07 00:00:00'),
(86, 290, 316, '2019-02-08 00:00:00'),
(87, 337, 400, '2019-02-04 00:00:00'),
(88, 365, 112, '2019-01-29 00:00:00'),
(89, 177, 388, '2019-01-26 00:00:00'),
(90, 108, 123, '2019-02-06 00:00:00'),
(91, 158, 325, '2019-01-23 00:00:00'),
(92, 188, 291, '2019-01-29 00:00:00'),
(93, 204, 157, '2019-03-27 00:00:00'),
(94, 213, 385, '2019-02-05 00:00:00'),
(95, 268, 368, '2019-01-05 00:00:00'),
(96, 245, 364, '2019-03-09 00:00:00'),
(97, 384, 43, '2019-03-18 00:00:00'),
(98, 146, 275, '2019-02-27 00:00:00'),
(99, 113, 164, '2019-01-03 00:00:00'),
(100, 255, 282, '2019-02-13 00:00:00'),
(101, 29, 354, '2019-03-09 00:00:00'),
(102, 394, 244, '2019-01-06 00:00:00'),
(103, 349, 193, '2019-03-24 00:00:00'),
(104, 209, 48, '2019-01-09 00:00:00'),
(105, 285, 7, '2019-03-06 00:00:00'),
(106, 59, 346, '2019-03-25 00:00:00'),
(107, 297, 249, '2019-01-30 00:00:00'),
(108, 74, 75, '2019-02-20 00:00:00'),
(109, 175, 76, '2019-02-08 00:00:00'),
(110, 355, 97, '2019-03-19 00:00:00'),
(111, 189, 55, '2019-02-17 00:00:00'),
(112, 292, 256, '2019-01-31 00:00:00'),
(113, 144, 336, '2019-02-23 00:00:00'),
(114, 240, 72, '2019-03-21 00:00:00'),
(115, 361, 234, '2019-02-27 00:00:00'),
(116, 171, 4, '2019-03-05 00:00:00'),
(117, 15, 96, '2019-02-05 00:00:00'),
(118, 279, 364, '2019-01-06 00:00:00'),
(119, 382, 54, '2019-02-17 00:00:00'),
(120, 300, 139, '2019-03-23 00:00:00'),
(121, 20, 53, '2019-02-23 00:00:00'),
(122, 259, 159, '2019-02-27 00:00:00'),
(123, 150, 322, '2019-02-10 00:00:00'),
(124, 218, 294, '2019-01-13 00:00:00'),
(125, 349, 191, '2019-02-23 00:00:00'),
(126, 141, 53, '2019-03-23 00:00:00'),
(127, 195, 170, '2019-02-15 00:00:00'),
(128, 264, 106, '2019-03-02 00:00:00'),
(129, 56, 135, '2019-02-08 00:00:00'),
(130, 379, 142, '2019-01-31 00:00:00'),
(131, 373, 119, '2019-01-24 00:00:00'),
(132, 331, 368, '2019-01-01 00:00:00'),
(133, 141, 303, '2019-02-03 00:00:00'),
(134, 124, 228, '2019-02-06 00:00:00'),
(135, 208, 44, '2019-03-05 00:00:00'),
(136, 230, 30, '2019-01-08 00:00:00'),
(137, 48, 215, '2019-01-12 00:00:00'),
(138, 270, 362, '2019-01-19 00:00:00'),
(139, 316, 269, '2019-01-22 00:00:00'),
(140, 41, 256, '2019-03-16 00:00:00'),
(141, 68, 122, '2019-01-15 00:00:00'),
(142, 337, 72, '2019-03-23 00:00:00'),
(143, 265, 68, '2019-01-06 00:00:00'),
(144, 101, 34, '2019-01-12 00:00:00'),
(145, 46, 198, '2019-01-24 00:00:00'),
(146, 259, 210, '2019-03-28 00:00:00'),
(147, 188, 230, '2019-01-30 00:00:00'),
(148, 235, 19, '2019-03-29 00:00:00'),
(149, 279, 253, '2019-02-17 00:00:00'),
(150, 125, 142, '2019-02-03 00:00:00'),
(151, 222, 259, '2019-02-11 00:00:00'),
(152, 364, 173, '2019-03-27 00:00:00'),
(153, 118, 36, '2019-03-17 00:00:00'),
(154, 381, 184, '2019-01-27 00:00:00'),
(155, 359, 280, '2019-03-25 00:00:00'),
(156, 85, 233, '2019-02-25 00:00:00'),
(157, 230, 266, '2019-02-09 00:00:00'),
(158, 378, 384, '2019-01-12 00:00:00'),
(159, 295, 327, '2019-01-31 00:00:00'),
(160, 137, 178, '2019-02-01 00:00:00'),
(161, 217, 270, '2019-03-08 00:00:00'),
(162, 354, 20, '2019-03-14 00:00:00'),
(163, 361, 306, '2019-02-20 00:00:00'),
(164, 305, 108, '2019-03-15 00:00:00'),
(165, 284, 178, '2019-02-17 00:00:00'),
(166, 73, 10, '2019-02-07 00:00:00'),
(167, 242, 300, '2019-03-02 00:00:00'),
(168, 323, 289, '2019-02-03 00:00:00'),
(169, 32, 184, '2019-02-01 00:00:00'),
(170, 327, 2, '2019-01-16 00:00:00'),
(171, 12, 319, '2019-03-21 00:00:00'),
(172, 184, 142, '2019-03-03 00:00:00'),
(173, 117, 98, '2019-03-26 00:00:00'),
(174, 372, 321, '2019-01-12 00:00:00'),
(175, 395, 381, '2019-03-03 00:00:00'),
(176, 205, 217, '2019-02-22 00:00:00'),
(177, 116, 382, '2019-01-18 00:00:00'),
(178, 359, 204, '2019-02-21 00:00:00'),
(179, 10, 137, '2019-01-08 00:00:00'),
(180, 205, 157, '2019-02-17 00:00:00'),
(181, 192, 223, '2019-01-11 00:00:00'),
(182, 362, 195, '2019-03-25 00:00:00'),
(183, 190, 393, '2019-01-10 00:00:00'),
(184, 348, 211, '2019-03-08 00:00:00'),
(185, 50, 10, '2019-03-11 00:00:00'),
(186, 274, 18, '2019-02-18 00:00:00'),
(187, 249, 123, '2019-01-25 00:00:00'),
(188, 235, 191, '2019-02-18 00:00:00'),
(189, 199, 256, '2019-02-17 00:00:00'),
(190, 283, 6, '2019-02-05 00:00:00'),
(191, 166, 201, '2019-01-19 00:00:00'),
(192, 299, 253, '2019-02-12 00:00:00'),
(193, 141, 94, '2019-01-30 00:00:00'),
(194, 126, 184, '2019-03-15 00:00:00'),
(195, 130, 364, '2019-03-29 00:00:00'),
(196, 133, 363, '2019-03-21 00:00:00'),
(197, 87, 89, '2019-03-22 00:00:00'),
(198, 254, 145, '2019-03-08 00:00:00'),
(199, 260, 129, '2019-03-25 00:00:00'),
(200, 30, 261, '2019-02-05 00:00:00');

-- --------------------------------------------------------

--
-- Table structure for table `voip`
--

CREATE TABLE `voip` (
  `id` int(20) NOT NULL,
  `id_sender` int(10) NOT NULL,
  `id_receiver` int(10) NOT NULL,
  `date` datetime NOT NULL DEFAULT CURRENT_TIMESTAMP
) ENGINE=InnoDB DEFAULT CHARSET=utf8;

--
-- Dumping data for table `voip`
--

INSERT INTO `voip` (`id`, `id_sender`, `id_receiver`, `date`) VALUES
(1, 18, 239, '2019-01-25 00:00:00'),
(2, 166, 354, '2019-01-12 00:00:00'),
(3, 48, 239, '2019-03-23 00:00:00'),
(4, 268, 121, '2019-02-11 00:00:00'),
(5, 28, 147, '2019-01-23 00:00:00'),
(6, 358, 92, '2019-03-25 00:00:00'),
(7, 57, 213, '2019-02-12 00:00:00'),
(8, 18, 389, '2019-03-25 00:00:00'),
(9, 95, 259, '2019-02-21 00:00:00'),
(10, 221, 66, '2019-01-08 00:00:00'),
(11, 193, 185, '2019-01-25 00:00:00'),
(12, 325, 20, '2019-02-11 00:00:00'),
(13, 212, 324, '2019-02-12 00:00:00'),
(14, 373, 62, '2019-03-15 00:00:00'),
(15, 116, 127, '2019-03-10 00:00:00'),
(16, 361, 337, '2019-03-28 00:00:00'),
(17, 30, 328, '2019-01-22 00:00:00'),
(18, 386, 45, '2019-03-02 00:00:00'),
(19, 31, 9, '2019-02-27 00:00:00'),
(20, 151, 273, '2019-03-24 00:00:00'),
(21, 330, 374, '2019-02-10 00:00:00'),
(22, 298, 344, '2019-03-02 00:00:00'),
(23, 196, 79, '2019-02-18 00:00:00'),
(24, 262, 247, '2019-02-11 00:00:00'),
(25, 156, 141, '2019-02-14 00:00:00'),
(26, 345, 384, '2019-02-11 00:00:00'),
(27, 81, 66, '2019-03-10 00:00:00'),
(28, 358, 15, '2019-01-24 00:00:00'),
(29, 341, 324, '2019-02-23 00:00:00'),
(30, 201, 168, '2019-03-29 00:00:00'),
(31, 321, 190, '2019-01-29 00:00:00'),
(32, 137, 356, '2019-01-31 00:00:00'),
(33, 381, 159, '2019-02-15 00:00:00'),
(34, 343, 122, '2019-02-19 00:00:00'),
(35, 377, 24, '2019-03-12 00:00:00'),
(36, 257, 11, '2019-03-08 00:00:00'),
(37, 158, 184, '2019-02-12 00:00:00'),
(38, 68, 43, '2019-02-18 00:00:00'),
(39, 137, 46, '2019-03-20 00:00:00'),
(40, 5, 91, '2019-01-16 00:00:00'),
(41, 242, 107, '2019-01-14 00:00:00'),
(42, 326, 216, '2019-03-17 00:00:00'),
(43, 342, 271, '2019-03-02 00:00:00'),
(44, 367, 46, '2019-03-11 00:00:00'),
(45, 370, 358, '2019-02-09 00:00:00'),
(46, 45, 309, '2019-03-19 00:00:00'),
(47, 185, 225, '2019-03-26 00:00:00'),
(48, 27, 319, '2019-03-01 00:00:00'),
(49, 177, 366, '2019-03-19 00:00:00'),
(50, 95, 103, '2019-01-06 00:00:00'),
(51, 10, 229, '2019-01-14 00:00:00'),
(52, 177, 121, '2019-01-13 00:00:00'),
(53, 171, 388, '2019-02-21 00:00:00'),
(54, 301, 74, '2019-03-16 00:00:00'),
(55, 327, 290, '2019-01-11 00:00:00'),
(56, 21, 103, '2019-01-14 00:00:00'),
(57, 112, 344, '2019-01-30 00:00:00'),
(58, 274, 306, '2019-03-15 00:00:00'),
(59, 311, 273, '2019-02-14 00:00:00'),
(60, 29, 92, '2019-02-20 00:00:00'),
(61, 264, 56, '2019-02-19 00:00:00'),
(62, 226, 297, '2019-01-05 00:00:00'),
(63, 53, 270, '2019-01-30 00:00:00'),
(64, 398, 301, '2019-01-24 00:00:00'),
(65, 218, 27, '2019-03-17 00:00:00'),
(66, 221, 17, '2019-01-07 00:00:00'),
(67, 4, 174, '2019-03-16 00:00:00'),
(68, 347, 260, '2019-02-17 00:00:00'),
(69, 146, 101, '2019-03-19 00:00:00'),
(70, 190, 70, '2019-03-02 00:00:00'),
(71, 164, 79, '2019-01-09 00:00:00'),
(72, 184, 223, '2019-01-17 00:00:00'),
(73, 100, 340, '2019-02-04 00:00:00'),
(74, 173, 139, '2019-02-23 00:00:00'),
(75, 223, 230, '2019-02-26 00:00:00'),
(76, 221, 57, '2019-01-29 00:00:00'),
(77, 375, 138, '2019-02-02 00:00:00'),
(78, 49, 205, '2019-02-07 00:00:00'),
(79, 177, 114, '2019-01-11 00:00:00'),
(80, 352, 322, '2019-03-06 00:00:00'),
(81, 245, 52, '2019-02-04 00:00:00'),
(82, 142, 108, '2019-03-13 00:00:00'),
(83, 68, 126, '2019-01-26 00:00:00'),
(84, 280, 214, '2019-03-17 00:00:00'),
(85, 15, 84, '2019-02-27 00:00:00'),
(86, 272, 201, '2019-03-09 00:00:00'),
(87, 136, 123, '2019-01-17 00:00:00'),
(88, 7, 90, '2019-01-01 00:00:00'),
(89, 67, 379, '2019-01-31 00:00:00'),
(90, 333, 261, '2019-01-23 00:00:00'),
(91, 266, 353, '2019-03-12 00:00:00'),
(92, 187, 340, '2019-01-21 00:00:00'),
(93, 115, 248, '2019-01-04 00:00:00'),
(94, 177, 313, '2019-02-26 00:00:00'),
(95, 399, 204, '2019-01-05 00:00:00'),
(96, 148, 356, '2019-03-18 00:00:00'),
(97, 19, 55, '2019-03-20 00:00:00'),
(98, 188, 399, '2019-02-01 00:00:00'),
(99, 122, 6, '2019-03-19 00:00:00'),
(100, 10, 170, '2019-03-19 00:00:00'),
(101, 15, 280, '2019-03-19 00:00:00'),
(102, 262, 2, '2019-01-03 00:00:00'),
(103, 119, 220, '2019-02-15 00:00:00'),
(104, 344, 173, '2019-03-27 00:00:00'),
(105, 30, 85, '2019-01-31 00:00:00'),
(106, 277, 45, '2019-02-07 00:00:00'),
(107, 357, 165, '2019-03-09 00:00:00'),
(108, 102, 326, '2019-01-13 00:00:00'),
(109, 361, 53, '2019-02-17 00:00:00'),
(110, 238, 172, '2019-02-13 00:00:00'),
(111, 168, 69, '2019-02-28 00:00:00'),
(112, 275, 198, '2019-01-24 00:00:00'),
(113, 350, 305, '2019-03-09 00:00:00'),
(114, 397, 357, '2019-02-05 00:00:00'),
(115, 374, 179, '2019-03-25 00:00:00'),
(116, 145, 254, '2019-02-03 00:00:00'),
(117, 390, 348, '2019-02-20 00:00:00'),
(118, 27, 277, '2019-02-24 00:00:00'),
(119, 3, 184, '2019-03-27 00:00:00'),
(120, 169, 99, '2019-01-23 00:00:00'),
(121, 266, 145, '2019-03-27 00:00:00'),
(122, 189, 152, '2019-01-23 00:00:00'),
(123, 323, 261, '2019-03-17 00:00:00'),
(124, 78, 363, '2019-02-18 00:00:00'),
(125, 171, 71, '2019-01-02 00:00:00'),
(126, 64, 12, '2019-02-25 00:00:00'),
(127, 287, 264, '2019-03-02 00:00:00'),
(128, 98, 257, '2019-02-06 00:00:00'),
(129, 268, 77, '2019-02-08 00:00:00'),
(130, 75, 241, '2019-01-07 00:00:00'),
(131, 305, 148, '2019-01-22 00:00:00'),
(132, 4, 219, '2019-03-11 00:00:00'),
(133, 199, 175, '2019-02-22 00:00:00'),
(134, 241, 83, '2019-01-17 00:00:00'),
(135, 320, 133, '2019-02-09 00:00:00'),
(136, 78, 293, '2019-02-28 00:00:00'),
(137, 126, 369, '2019-01-18 00:00:00'),
(138, 374, 13, '2019-01-14 00:00:00'),
(139, 332, 332, '2019-01-19 00:00:00'),
(140, 215, 163, '2019-03-20 00:00:00'),
(141, 143, 282, '2019-02-11 00:00:00'),
(142, 278, 264, '2019-02-05 00:00:00'),
(143, 174, 324, '2019-02-24 00:00:00'),
(144, 372, 287, '2019-02-03 00:00:00'),
(145, 341, 123, '2019-03-18 00:00:00'),
(146, 99, 71, '2019-02-04 00:00:00'),
(147, 201, 364, '2019-03-02 00:00:00'),
(148, 125, 194, '2019-03-09 00:00:00'),
(149, 235, 282, '2019-01-25 00:00:00'),
(150, 360, 341, '2019-02-02 00:00:00'),
(151, 195, 61, '2019-02-07 00:00:00'),
(152, 168, 310, '2019-01-16 00:00:00'),
(153, 238, 391, '2019-01-29 00:00:00'),
(154, 135, 39, '2019-02-28 00:00:00'),
(155, 347, 100, '2019-01-17 00:00:00'),
(156, 389, 23, '2019-02-26 00:00:00'),
(157, 137, 231, '2019-01-07 00:00:00'),
(158, 386, 144, '2019-02-17 00:00:00'),
(159, 368, 159, '2019-02-22 00:00:00'),
(160, 283, 390, '2019-03-12 00:00:00'),
(161, 224, 310, '2019-01-20 00:00:00'),
(162, 139, 185, '2019-02-10 00:00:00'),
(163, 315, 201, '2019-03-04 00:00:00'),
(164, 24, 303, '2019-01-23 00:00:00'),
(165, 252, 287, '2019-01-27 00:00:00'),
(166, 352, 125, '2019-02-14 00:00:00'),
(167, 109, 387, '2019-01-25 00:00:00'),
(168, 251, 72, '2019-02-05 00:00:00'),
(169, 319, 381, '2019-03-26 00:00:00'),
(170, 325, 187, '2019-01-12 00:00:00'),
(171, 389, 263, '2019-02-23 00:00:00'),
(172, 230, 388, '2019-03-10 00:00:00'),
(173, 383, 118, '2019-01-28 00:00:00'),
(174, 48, 96, '2019-03-17 00:00:00'),
(175, 77, 308, '2019-01-27 00:00:00'),
(176, 349, 367, '2019-02-25 00:00:00'),
(177, 161, 243, '2019-03-13 00:00:00'),
(178, 135, 369, '2019-01-29 00:00:00'),
(179, 41, 253, '2019-03-16 00:00:00'),
(180, 250, 245, '2019-01-31 00:00:00'),
(181, 137, 195, '2019-01-18 00:00:00'),
(182, 161, 316, '2019-02-17 00:00:00'),
(183, 390, 212, '2019-03-05 00:00:00'),
(184, 47, 198, '2019-01-15 00:00:00'),
(185, 395, 363, '2019-03-13 00:00:00'),
(186, 245, 90, '2019-02-03 00:00:00'),
(187, 290, 285, '2019-01-02 00:00:00'),
(188, 199, 386, '2019-03-12 00:00:00'),
(189, 221, 33, '2019-03-25 00:00:00'),
(190, 128, 251, '2019-02-18 00:00:00'),
(191, 336, 149, '2019-01-04 00:00:00'),
(192, 156, 394, '2019-01-01 00:00:00'),
(193, 115, 312, '2019-03-02 00:00:00'),
(194, 180, 236, '2019-03-06 00:00:00'),
(195, 271, 42, '2019-02-25 00:00:00'),
(196, 180, 247, '2019-01-19 00:00:00'),
(197, 368, 175, '2019-01-12 00:00:00'),
(198, 240, 116, '2019-01-29 00:00:00'),
(199, 76, 274, '2019-01-08 00:00:00'),
(200, 207, 301, '2019-03-26 00:00:00');

--
-- Indexes for dumped tables
--

--
-- Indexes for table `access`
--
ALTER TABLE `access`
  ADD PRIMARY KEY (`id`);

--
-- Indexes for table `company`
--
ALTER TABLE `company`
  ADD PRIMARY KEY (`id_company`);

--
-- Indexes for table `division`
--
ALTER TABLE `division`
  ADD PRIMARY KEY (`id_division`);

--
-- Indexes for table `live_streaming`
--
ALTER TABLE `live_streaming`
  ADD PRIMARY KEY (`id`);

--
-- Indexes for table `message`
--
ALTER TABLE `message`
  ADD PRIMARY KEY (`id`);

--
-- Indexes for table `position`
--
ALTER TABLE `position`
  ADD PRIMARY KEY (`id_position`);

--
-- Indexes for table `sub_division`
--
ALTER TABLE `sub_division`
  ADD PRIMARY KEY (`id_sub_division`);

--
-- Indexes for table `user`
--
ALTER TABLE `user`
  ADD PRIMARY KEY (`id_user`),
  ADD UNIQUE KEY `phone_number` (`phone_number`),
  ADD UNIQUE KEY `phone_number_2` (`phone_number`),
  ADD UNIQUE KEY `email` (`email`);

--
-- Indexes for table `vidio`
--
ALTER TABLE `vidio`
  ADD PRIMARY KEY (`id`);

--
-- Indexes for table `voip`
--
ALTER TABLE `voip`
  ADD PRIMARY KEY (`id`);

--
-- AUTO_INCREMENT for dumped tables
--

--
-- AUTO_INCREMENT for table `access`
--
ALTER TABLE `access`
  MODIFY `id` int(10) NOT NULL AUTO_INCREMENT, AUTO_INCREMENT=2;
--
-- AUTO_INCREMENT for table `company`
--
ALTER TABLE `company`
  MODIFY `id_company` int(10) NOT NULL AUTO_INCREMENT, AUTO_INCREMENT=21;
--
-- AUTO_INCREMENT for table `division`
--
ALTER TABLE `division`
  MODIFY `id_division` int(10) NOT NULL AUTO_INCREMENT, AUTO_INCREMENT=101;
--
-- AUTO_INCREMENT for table `live_streaming`
--
ALTER TABLE `live_streaming`
  MODIFY `id` int(20) NOT NULL AUTO_INCREMENT, AUTO_INCREMENT=201;
--
-- AUTO_INCREMENT for table `message`
--
ALTER TABLE `message`
  MODIFY `id` int(20) NOT NULL AUTO_INCREMENT, AUTO_INCREMENT=201;
--
-- AUTO_INCREMENT for table `position`
--
ALTER TABLE `position`
  MODIFY `id_position` int(10) NOT NULL AUTO_INCREMENT, AUTO_INCREMENT=11;
--
-- AUTO_INCREMENT for table `sub_division`
--
ALTER TABLE `sub_division`
  MODIFY `id_sub_division` int(10) NOT NULL AUTO_INCREMENT, AUTO_INCREMENT=301;
--
-- AUTO_INCREMENT for table `user`
--
ALTER TABLE `user`
  MODIFY `id_user` int(10) NOT NULL AUTO_INCREMENT, AUTO_INCREMENT=401;
--
-- AUTO_INCREMENT for table `vidio`
--
ALTER TABLE `vidio`
  MODIFY `id` int(20) NOT NULL AUTO_INCREMENT, AUTO_INCREMENT=201;
--
-- AUTO_INCREMENT for table `voip`
--
ALTER TABLE `voip`
  MODIFY `id` int(20) NOT NULL AUTO_INCREMENT, AUTO_INCREMENT=201;
/*!40101 SET CHARACTER_SET_CLIENT=@OLD_CHARACTER_SET_CLIENT */;
/*!40101 SET CHARACTER_SET_RESULTS=@OLD_CHARACTER_SET_RESULTS */;
/*!40101 SET COLLATION_CONNECTION=@OLD_COLLATION_CONNECTION */;
